product,id,currency,indexName,isdaName,index,isOIS,isLiborMaturityConvention,dayCountFraction,paymentLag,paymentCalendar,paymentDayConvention,fixingLag,fixingCalendar,jointFixingCalendar,fixingDayConvention,ScenarioCurveName,RateFixingIndex,PPSCalendar,PPSLag,rounding,startDelay,fixedPayFreq,floatPayFreq,fixedDayCountFraction,floatDayCountFraction,RollMethod,EOM,forwardCurve,discountCurve,interpolationMethod,strippingLag,isAveraging,resetFrequency,PPSLagFRA,cashFlowRounding,isCashFlowTruncated
#,,,,,,,,,,,,,,,,,,,,,,,,,,,,,,,,,,
INDEX,MXN-USDMXNBASIS,MXN,USDMXNBASIS,MXN-USDMXNBASIS,BANXICO,FALSE,FALSE,ACT/360,0,MXMC_USNY,FOLLOWING,-1,MXMC,MXMC,FOLLOWING,USDMXNBASIS,MXN-TIIE-Banxico,SWAP,2,6,1,28D,28D,ACT/360,ACT/360,simple,TRUE,IS_NOT_USED,IS_NOT_USED,,0,,,1
INDEX,MXN-TIIE-BANXICO,MXN,TIIE,MXN-TIIE-Banxico,BANXICO,FALSE,FALSE,ACT/360,0,MXMC,FOLLOWING,-1,MXMC,MXMC,FOLLOWING,TIIE,MXN-TIIE-Banxico,SWAP,2,6,1,28D,28D,ACT/360,ACT/360,simple,TRUE,IS_NOT_USED,IS_NOT_USED,,0,,,1
INDEX,AUD-BBR-BBSW,AUD,BBR,AUD-BBR-BBSW,BBSW,FALSE,FALSE,ACT/365.FIXED,0,AUSY,MODFOLLOWING,0,AUSY,AUSY,PRECEDING,BBSW,AUD-BBR-BBSW,SWAP,2,6,0,6M,6M,ACT/365,ACT/365,simple,TRUE,AUD_BBSW_6M_EOD,AUD_AONIA_EOD,,0,,,2
INDEX,AUD-LIBOR-BBA,AUD,LIBOR,AUD-LIBOR-BBA,BBA,FALSE,TRUE,ACT/360,0,AUSY,MODFOLLOWING,-2,GBLO,AUSY GBLO,NONE,,AUD-LIBOR-BBA,SWAP,2,6,0,6M,6M,ACT/365,ACT/365,simple,TRUE,AUD_BBSW_6M_EOD,AUD_AONIA_EOD,,0,,,2
INDEX,AUD-AONIA-OIS-COMPOUND,AUD,AONIA,AUD-AONIA-OIS-COMPOUND,OIS-COMPOUND,TRUE,FALSE,ACT/365,2,AUSY,FOLLOWING,1,AUSY,AUSY,NONE,AONIA,AUD-AONIA-OIS-COMPOUND,SWAP,2,6,1,1Y,1Y,ACT/365,ACT/365,simple,TRUE,AUD_AONIA_EOD,AUD_AONIA_EOD,,1,,,2
INDEX,CAD-BA-CDOR,CAD,BA,CAD-BA-CDOR,CDOR,FALSE,FALSE,ACT/365.FIXED,0,CATO,MODFOLLOWING,0,CATO,CATO,PRECEDING,CDOR,CAD-BA-CDOR,SWAP,1,7,0,6M,3M,ACT/365,ACT/365,simple,TRUE,CAD_CDOR_EOD,CAD_CDOR_EOD,,0,,,1
INDEX,CAD-LIBOR-BBA,CAD,LIBOR,CAD-LIBOR-BBA,BBA,FALSE,TRUE,ACT/360,0,CATO,MODFOLLOWING,-2,GBLO,CATO GBLO,NONE,,CAD-LIBOR-BBA,SWAP,1,7,0,6M,3M,ACT/365,ACT/365,simple,TRUE,CAD_CDOR_EOD,CAD_CDOR_EOD,,0,,,1
INDEX,CAD-CORRA-OIS-COMPOUND,CAD,CORRA,CAD-CORRA-OIS-COMPOUND,OIS-COMPOUND,TRUE,FALSE,ACT/365,1,CATO,MODFOLLOWING,1,CATO,CATO,NONE,CORRA,CAD-CORRA-OIS-COMPOUND,SWAP,1,7,1,1Y,1Y,ACT/365,ACT/365,simple,TRUE,CAD_CORRA_EOD,CAD_CORRA_EOD,,1,,,1
INDEX,CHF-LIBOR-BBA,CHF,LIBOR,CHF-LIBOR-BBA,BBA,FALSE,TRUE,ACT/360,0,CHZU,MODFOLLOWING,-2,GBLO,CHZU GBLO,NONE,LIBOR,CHF-LIBOR-BBA,SWAP,2,7,2,1Y,6M,30/360,ACT/360,simple,TRUE,CHF_LIBOR_6M_EOD,CHF_TOIS_EOD,,2,,,2
INDEX,CHF-TOIS-OIS-COMPOUND,CHF,TOIS,CHF-TOIS-OIS-COMPOUND,OIS-COMPOUND,TRUE,FALSE,ACT/360,2,CHZU,FOLLOWING,-1,CHZU,CHZU,NONE,TOIS,CHF-TOIS-OIS-COMPOUND,SWAP,2,6,2,1Y,6M,ACT/360,ACT/360,simple,TRUE,CHF_TOIS_EOD,CHF_TOIS_EOD,,2,,,2
INDEX,CZK-PRIBOR-PRBO,CZK,PRIBOR,CZK-PRIBOR-PRBO,PRBO,FALSE,FALSE,ACT/360,0,CZPR,MODFOLLOWING,-2,CZPR,CZPR,NONE,PRIBOR,CZK-PRIBOR-PRBO,SWAP,2,4,2,1Y,6M,ACT/360,ACT/360,simple,TRUE,CZK_PRIBOR_6M_EOD,CZK_PRIBOR_EOD,,2,,,2
INDEX,DKK-CIBOR2-DKNA13,DKK,CIBOR2,DKK-CIBOR2-DKNA13,DKNA13,FALSE,FALSE,ACT/360,0,DKCO,MODFOLLOWING,-2,DKCO,DKCO,NONE,CIBOR,DKK-CIBOR2-DKNA13,SWAP,2,6,2,1Y,3M,30/360,ACT/360,simple,TRUE,DKK_CIBOR_3M_EOD,DKK_CIBOR_EOD,,2,,,2
INDEX,DKK-CIBOR-DKNA13,DKK,CIBOR,DKK-CIBOR-DKNA13,DKNA13,FALSE,FALSE,ACT/360,0,DKCO,MODFOLLOWING,0,DKCO,DKCO,PRECEDING,,DKK-CIBOR-DKNA13,SWAP,2,6,2,1Y,3M,30/360,ACT/360,simple,TRUE,DKK_CIBOR_3M_EOD,DKK_CIBOR_EOD,,2,,,2
INDEX,EUR-EURIBOR-Reuters,EUR,EURIBOR,EUR-EURIBOR-Reuters,Reuters,FALSE,FALSE,ACT/360,0,EUTA,MODFOLLOWING,-2,EUTA,EUTA,NONE,EURIBOR,EUR-EURIBOR-Reuters,SWAP,1,5,2,1Y,6M,30/360,ACT/360,simple,TRUE,EUR_EURIBOR_6M_EOD,EUR_EONIA_EOD,,2,,,1
#INDEX,EUR-NLX-FUT,EUR,FUT-NLX,EUR-NLX-FUT,Reuters,FALSE,FALSE,ACT/360,0,EUTA,MODFOLLOWING,-2,EUTA,EUTA,NONE,FUT-NLX,EUR-EURIBOR-Reuters,SWAP,1,5,2,1Y,6M,30/360,ACT/360,simple,TRUE,EUR_EURIBOR_6M_EOD,EUR_EONIA_EOD,,2,,,1
INDEX,EUR-NLX-FUT,EUR,STIR-FUT,EUR-STIR-FUT,Reuters,FALSE,FALSE,ACT/360,0,EUTA,MODFOLLOWING,-2,EUTA,EUTA,NONE,STIR-FUT,EUR-EURIBOR-Reuters,SWAP,1,5,2,1Y,6M,30/360,ACT/360,simple,TRUE,EUR_EURIBOR_6M_EOD,EUR_EONIA_EOD,,2,,,1
INDEX,EUR-BOND-FUT,EUR,BOND-FUT,EUR-BOND-FUT,Reuters,FALSE,FALSE,ACT/360,0,EUTA,MODFOLLOWING,-2,EUTA,EUTA,NONE,BOND-FUT,EUR-EURIBOR-Reuters,SWAP,1,5,2,1Y,6M,30/360,ACT/360,simple,TRUE,EUR_EURIBOR_6M_EOD,EUR_EONIA_EOD,,2,,,1
INDEX,EUR-EURIBOR-Telerate,EUR,EURIBOR,EUR-EURIBOR-Telerate,Telerate,FALSE,FALSE,ACT/360,0,EUTA,MODFOLLOWING,-2,EUTA,EUTA,NONE,,EUR-EURIBOR-Reuters,SWAP,1,5,2,1Y,6M,30/360,ACT/360,simple,TRUE,EUR_EURIBOR_6M_EOD,EUR_EONIA_EOD,,2,,,1
INDEX,EUR-LIBOR-BBA,EUR,LIBOR,EUR-LIBOR-BBA,BBA,FALSE,TRUE,ACT/360,0,EUTA,MODFOLLOWING,-2,EUTA,EUTA,NONE,,EUR-LIBOR-BBA,SWAP,1,7,2,1Y,6M,30/360,ACT/360,simple,TRUE,EUR_EURIBOR_6M_EOD,EUR_EONIA_EOD,,2,,,1
INDEX,EUR-EONIA-OIS-COMPOUND,EUR,EONIA,EUR-EONIA-OIS-COMPOUND,OIS-COMPOUND,TRUE,FALSE,ACT/360,1,EUTA,FOLLOWING,0,EUTA,EUTA,NONE,EONIA,EUR-EONIA-OIS-COMPOUND,SWAP,1,6,2,1Y,6M,ACT/360,ACT/360,simple,TRUE,EUR_EONIA_EOD,EUR_EONIA_EOD,,2,,,1
INDEX,GBP-LIBOR-BBA,GBP,LIBOR,GBP-LIBOR-BBA,BBA,FALSE,TRUE,ACT/365.FIXED,0,GBLO,MODFOLLOWING,0,GBLO,GBLO,PRECEDING,LIBOR,GBP-LIBOR-BBA,SWAP,1,7,0,6M,6M,ACT/365,ACT/365,simple,TRUE,GBP_LIBOR_6M_EOD,GBP_SONIA_EOD,,0,,,0
#INDEX,GBP-NLX-FUT,GBP,FUT-NLX,GBP-NLX-FUT,BBA,FALSE,TRUE,ACT/365.FIXED,0,GBLO,MODFOLLOWING,0,GBLO,GBLO,PRECEDING,FUT-NLX,GBP-LIBOR-BBA,SWAP,1,7,0,6M,6M,ACT/365,ACT/365,simple,TRUE,GBP_LIBOR_6M_EOD,GBP_SONIA_EOD,,0,,,0
INDEX,GBP-NLX-FUT,GBP,STIR-FUT,GBP-STIR-FUT,BBA,FALSE,TRUE,ACT/365.FIXED,0,GBLO,MODFOLLOWING,0,GBLO,GBLO,PRECEDING,STIR-FUT,GBP-LIBOR-BBA,SWAP,1,7,0,6M,6M,ACT/365,ACT/365,simple,TRUE,GBP_LIBOR_6M_EOD,GBP_SONIA_EOD,,0,,,0
INDEX,GBP-BOND-FUT,GBP,BOND-FUT,GBP-BOND-FUT,BBA,FALSE,TRUE,ACT/365.FIXED,0,GBLO,MODFOLLOWING,0,GBLO,GBLO,PRECEDING,BOND-FUT,GBP-LIBOR-BBA,SWAP,1,7,0,6M,6M,ACT/365,ACT/365,simple,TRUE,GBP_LIBOR_6M_EOD,GBP_SONIA_EOD,,0,,,0
INDEX,GBP-WMBA-SONIA-COMPOUND,GBP,SONIA,GBP-WMBA-SONIA-COMPOUND,WMBA-COMPOUND,TRUE,FALSE,ACT/365.FIXED,0,GBLO,FOLLOWING,0,GBLO,GBLO,PRECEDING,SONIA,GBP-WMBA-SONIA-COMPOUND,SWAP,1,6,0,1Y,1Y,ACT/365,ACT/365,simple,TRUE,GBP_SONIA_EOD,GBP_SONIA_EOD,,0,,,1
INDEX,HKD-HIBOR-HIBOR=,HKD,HIBOR,HKD-HIBOR-HIBOR=,HIBOR,FALSE,FALSE,ACT/365.FIXED,0,HKHK,MODFOLLOWING,0,HKHK,HKHK,PRECEDING,HIBOR,HKD-HIBOR-HIBOR=,SWAP,2,7,0,3M,3M,ACT/365,ACT/365,simple,TRUE,HKD_HIBOR_3M_EOD,HKD_HIBOR_EOD,,0,,,2
INDEX,HKD-HIBOR-HKAB,HKD,HIBOR,HKD-HIBOR-HKAB,HKAB,FALSE,FALSE,ACT/365.FIXED,0,HKHK,MODFOLLOWING,0,HKHK,HKHK,PRECEDING,,HKD-HIBOR-HKAB,SWAP,2,7,0,3M,3M,ACT/365,ACT/365,simple,TRUE,HKD_HIBOR_3M_EOD,HKD_HIBOR_EOD,,0,,,2
INDEX,HKD-HIBOR-ISDC,HKD,HIBOR,HKD-HIBOR-ISDC,ISDC,FALSE,FALSE,ACT/365.FIXED,0,HKHK,MODFOLLOWING,0,HKHK,HKHK,PRECEDING,,HKD-HIBOR-ISDC,SWAP,2,7,0,3M,3M,ACT/365,ACT/365,simple,TRUE,HKD_HIBOR_3M_EOD,HKD_HIBOR_EOD,,0,,,2
INDEX,HUF-BUBOR-Reuters,HUF,BUBOR,HUF-BUBOR-Reuters,Reuters,FALSE,FALSE,ACT/360,0,HUBU,MODFOLLOWING,-2,HUBU,HUBU,NONE,BUBOR,HUF-BUBOR-Reuters,SWAP,2,4,2,1Y,6M,ACT/365,ACT/360,simple,TRUE,HUF_BUBOR_6M_EOD,HUF_BUBOR_EOD,,2,,,2,0,
INDEX,JPY-LIBOR-BBA,JPY,LIBOR,JPY-LIBOR-BBA,BBA,FALSE,TRUE,ACT/360,0,JPTO,MODFOLLOWING,-2,GBLO,JPTO GBLO,NONE,LIBOR,JPY-LIBOR-BBA,SWAP,2,7,2,6M,6M,ACT/365,ACT/360,simple,TRUE,JPY_LIBOR_6M_EOD,JPY_TONA_EOD,,2,,,2,,Y
INDEX,JPY-TONA-OIS-COMPOUND,JPY,TONA,JPY-TONA-OIS-COMPOUND,OIS-COMPOUND,TRUE,FALSE,ACT/365.FIXED,2,JPTO,FOLLOWING,1,JPTO,JPTO,NONE,TONA,JPY-TONA-OIS-COMPOUND,SWAP,2,7,2,1Y,1Y,ACT/365,ACT/365,simple,TRUE,JPY_TONA_EOD,JPY_TONA_EOD,,2,,,2,,Y
INDEX,NOK-NIBOR-NIBR,NOK,NIBOR,NOK-NIBOR-NIBR,NIBR,FALSE,FALSE,ACT/360,0,NOOS,MODFOLLOWING,-2,NOOS,NOOS,NONE,NIBOR,NOK-NIBOR-NIBR,SWAP,2,5,2,1Y,6M,30/360,ACT/360,simple,TRUE,NOK_NIBOR_6M_EOD,NOK_NIBOR_EOD,,2,,,2
INDEX,NOK-NIBOR-OIBOR,NOK,OIBOR,NOK-NIBOR-OIBOR,OIBOR,FALSE,FALSE,ACT/360,0,NOOS,MODFOLLOWING,-2,NOOS,NOOS,NONE,,NOK-NIBOR-NIBR,SWAP,2,5,2,1Y,6M,30/360,ACT/360,simple,TRUE,NOK_NIBOR_6M_EOD,NOK_NIBOR_EOD,,2,,,2
INDEX,NZD-BBR-FRA,NZD,BBR,NZD-BBR-FRA,FRA,FALSE,FALSE,ACT/365.FIXED,0,NZWE,MODFOLLOWING,0,NZWE,NZWE,NONE,BKBM,NZD-BBR-FRA,SWAP,2,7,0,6M,3M,ACT/365,ACT/365,simple,TRUE,NZD_BKBM_EOD,NZD_BKBM_EOD,,0,,,2
INDEX,NZD-BBR-Telerate,NZD,BBR,NZD-BBR-Telerate,Telerate,FALSE,FALSE,ACT/365.FIXED,0,NZWE,MODFOLLOWING,0,NZWE,NZWE,NONE,,NZD-BBR-Telerate,SWAP,2,7,0,6M,3M,ACT/365,ACT/365,simple,TRUE,NZD_BKBM_EOD,NZD_BKBM_EOD,,0,,,2
INDEX,PLN-WIBOR-WIBO,PLN,WIBOR,PLN-WIBOR-WIBO,WIBO,FALSE,FALSE,ACT/365.FIXED,0,PLWA,MODFOLLOWING,-2,PLWA,PLWA,NONE,WIBOR,PLN-WIBOR-WIBO,SWAP,2,5,2,1Y,6M,ACT/ACT,ACT/365,simple,TRUE,PLN_WIBOR_6M_EOD,PLN_WIBOR_EOD,,2,,,2
INDEX,SEK-STIBOR-SIDE,SEK,STIBOR,SEK-STIBOR-SIDE,SIDE,FALSE,FALSE,ACT/360,0,SEST,MODFOLLOWING,-2,SEST,SEST,NONE,STIBOR,SEK-STIBOR-SIDE,SWAP,2,5,2,1Y,3M,30/360,ACT/360,simple,TRUE,SEK_STIBOR_3M_EOD,SEK_STIBOR_EOD,,2,,,2
INDEX,SGD-SOR-Reuters,SGD,SOR,SGD-SOR-Reuters,Reuters,FALSE,TRUE,ACT/365.FIXED,0,SGSI,MODFOLLOWING,-2,SGSI,SGSI GBLO,NONE,SOR,SGD-SOR-VWAP,SWAP,2,7,2,6M,6M,ACT/365,ACT/365,simple,TRUE,SGD_SOR_EOD,SGD_SOR_EOD,,2,,,2
INDEX,SGD-SOR-VWAP,SGD,SOR,SGD-SOR-VWAP,VWAP,FALSE,FALSE,ACT/365.FIXED,0,SGSI,MODFOLLOWING,-2,SGSI,SGSI,NONE,,SGD-SOR-VWAP,SWAP,2,7,2,6M,6M,ACT/365,ACT/365,simple,TRUE,SGD_SOR_EOD,SGD_SOR_EOD,,2,,,2
INDEX,USD-LIBOR-BBA,USD,LIBOR,USD-LIBOR-BBA,BBA,FALSE,TRUE,ACT/360,0,USNY,MODFOLLOWING,-2,GBLO,USNY GBLO,NONE,LIBOR,USD-LIBOR-BBA,SWAP,1,7,2,1Y,3M,ACT/360,ACT/360,simple,TRUE,USD_LIBOR_3M_EOD,USD_FEDFUND_EOD,,2,,,1
#INDEX,USD-NLX-FUT,USD,FUT-NLX,USD-NLX-FUT,BBA,FALSE,TRUE,ACT/360,0,USNY,MODFOLLOWING,-2,GBLO,USNY GBLO,NONE,FUT-NLX,USD-LIBOR-BBA,SWAP,1,7,2,1Y,3M,ACT/360,ACT/360,simple,TRUE,USD_LIBOR_3M_EOD,USD_FEDFUND_EOD,,2,,,1
INDEX,USD-NLX-FUT,USD,STIR-FUT,USD-STIR-FUT,BBA,FALSE,TRUE,ACT/360,0,USNY,MODFOLLOWING,-2,GBLO,USNY GBLO,NONE,STIR-FUT,USD-LIBOR-BBA,SWAP,1,7,2,1Y,3M,ACT/360,ACT/360,simple,TRUE,USD_LIBOR_3M_EOD,USD_FEDFUND_EOD,,2,,,1
INDEX,USD-BOND-FUT,USD,BOND-FUT,USD-BOND-FUT,BBA,FALSE,TRUE,ACT/360,0,USNY,MODFOLLOWING,-2,GBLO,USNY GBLO,NONE,BOND-FUT,USD-LIBOR-BBA,SWAP,1,7,2,1Y,3M,ACT/360,ACT/360,simple,TRUE,USD_LIBOR_3M_EOD,USD_FEDFUND_EOD,,2,,,1
INDEX,USD-Federal Funds-H.15-OIS-COMPOUND,USD,FEDFUND,USD-Federal Funds-H.15-OIS-COMPOUND,H.15-OIS-COMPOUND,TRUE,FALSE,ACT/360,2,USNY,MODFOLLOWING,1,USNY,USNY,NONE,FEDFUND,USD-Federal Funds-H.15-OIS-COMPOUND,SWAP,1,7,2,1Y,1Y,ACT/360,ACT/360,simple,TRUE,USD_FEDFUND_EOD,USD_FEDFUND_EOD,,2,,,1
INDEX,USD-Federal Funds-H.15,USD,FEDFUND,USD-Federal Funds-H.15,H.15,TRUE,FALSE,ACT/360,0,USNY,MODFOLLOWING,1,USNY,USNY,NONE,,USD-Federal Funds-H.15-OIS-COMPOUND,SWAP,1,7,2,1Y,1Y,ACT/360,ACT/360,simple,TRUE,USD_FEDFUND_EOD,USD_FEDFUND_EOD,,2,TRUE,1D,1
INDEX,ZAR-JIBAR-SAFEX,ZAR,JIBAR,ZAR-JIBAR-SAFEX,SAFEX,FALSE,FALSE,ACT/365.FIXED,0,ZAJO,MODFOLLOWING,0,ZAJO,ZAJO,PRECEDING,JIBAR,ZAR-JIBAR-SAFEX,SWAP,2,6,0,3M,3M,ACT/365,ACT/365,simple,TRUE,ZAR_JIBAR_EOD,ZAR_JIBAR_EOD,,0,,,2
#INFLATION-INDEX,UK-RPI,GBP,UK-RPI,UK-RPI,Reuters,,,30/360,0,GBLO,MODFOLLOWING,2,GBLO,GBLO,NONE,UK-RPI,UK-RPI,SWAP,1,5,0,,,,,,,UK-RPI,GBP_SONIA_EOD,Piecewise,0,,,1
#INFLATION-INDEX,EUR-EXT-CPI,EUR,EUR-EXT-CPI,EUR-EXT-CPI,Reuters,,,30/360,2,EUTA,MODFOLLOWING,3,EUTA,EUTA,NONE,EUR-EXT-CPI,EUR-EXT-CPI,SWAP,1,5,2,,,,,,,EUR-EXT-CPI,EUR_EONIA_EOD,Piecewise,0,,,1
#INFLATION-INDEX,FRC-EXT-CPI,EUR,FRC-EXT-CPI,FRC-EXT-CPI,Reuters,,,30/360,2,EUTA,MODFOLLOWING,3,EUTA,EUTA,NONE,FRC-EXT-CPI,FRC-EXT-CPI,SWAP,1,5,2,,,,,,,FRC-EXT-CPI,EUR_EONIA_EOD,LINEAR,2,,,1
#INFLATION-INDEX,USA-CPI-U,USD,USA-CPI-U,USA-CPI-U,Reuters,,,30/360,2,USNY,MODFOLLOWING,3,USNY,USNY,NONE,USA-CPI-U,USA-CPI-U,SWAP,1,5,2,,,,,,,USA-CPI-U,USD_FEDFUND_EOD,LINEAR,2,,,1
INFLATION-INDEX,UK-RPI,GBP,UK-RPI,UK-RPI,ONS,,,30/360,0,GBLO,MODFOLLOWING,2,GBLO,GBLO,NONE,UK-RPI,UK-RPI,SWAP,1,5,0,,,,,,,UK-RPI,GBP_SONIA_EOD,Piecewise,0,,,1
INFLATION-INDEX,EUR-EXT-CPI,EUR,EUR-EXT-CPI,EUR-EXT-CPI,EU-HICP-XT,,,30/360,2,EUTA,MODFOLLOWING,3,EUTA,EUTA,NONE,EUR-EXT-CPI,EUR-EXT-CPI,SWAP,1,5,2,,,,,,,EUR-EXT-CPI,EUR_EONIA_EOD,Piecewise,0,,,1
INFLATION-INDEX,FRC-EXT-CPI,EUR,FRC-EXT-CPI,FRC-EXT-CPI,FR GOVT,,,30/360,2,EUTA,MODFOLLOWING,3,EUTA,EUTA,NONE,FRC-EXT-CPI,FRC-EXT-CPI,SWAP,1,5,2,,,,,,,FRC-EXT-CPI,EUR_EONIA_EOD,Piecewise,0,,,1
INFLATION-INDEX,USA-CPI-U,USD,USA-CPI-U,USA-CPI-U,US Dept of Labor,,,30/360,2,USNY,MODFOLLOWING,3,USNY,USNY,NONE,USA-CPI-U,USA-CPI-U,SWAP,1,5,2,,,,,,,USA-CPI-U,USD_FEDFUND_EOD,LINEAR,2,,,1
