CalculationType,Currency,ProductType,CurveType,IsdaIndexName,Tenor,ScenarioIndexName,ReplacementIsdaIndexName,EffectiveDate,ExpiryDate
IM,AUD,,,,,BBSW,,,
IM,CAD,,,,,CDOR,,,
IM,CHF,,,,,LIBOR,,,
IM,CZK,,,,,PRIBOR,,,
IM,DKK,,,,,CIBOR,,,
IM,EUR,,,,,EURIBOR,,,
IM,EUR,STIRFUT,Forwards,,,STIR-FUT,,,
IM,GBP,STIRFUT,Forwards,,,STIR-FUT,,,
IM,USD,STIRFUT,Forwards,,,STIR-FUT,,,
IM,EUR,BONDFUT,Discounts,,,BOND-FUT,,,
IM,GBP,BONDFUT,Discounts,,,BOND-FUT,,,
IM,USD,BONDFUT,Discounts,,,BOND-FUT,,,
IM,GBP,,,,,LIBOR,,,
IM,HKD,,,,,HIBOR,,,
IM,HUF,,,,,BUBOR,,,
IM,JPY,,,,,LIBOR,,,
IM,JPY,IRS,Forwards,JPY-TONA-OIS-COMPOUND,,TONA,,,
IM,JPY,IRS,Discounts,JPY-TONA-OIS-COMPOUND,,TONA,,,
IM,AUD,IRS,Forwards,AUD-AONIA-OIS-COMPOUND,,AONIA,,01/01/2015,
IM,AUD,IRS,Discounts,AUD-AONIA-OIS-COMPOUND,,AONIA,,01/01/2015,
IM,NOK,,,,,NIBOR,,,
IM,NZD,,,,,BKBM,,,
IM,PLN,,,,,WIBOR,,,
IM,SEK,,,,,STIBOR,,,
IM,SGD,,,,,SOR,,,
IM,USD,,,,,LIBOR,,,
IM,ZAR,,,,,JIBAR,,,
IM,MXN,,,,,USDMXNBASIS,,,
IM,CAD,IRS,Discounts,CAD-CORRA-OIS-COMPOUND,,CORRA,,,
IM,CAD,IRS,Forwards,CAD-CORRA-OIS-COMPOUND,,CORRA,,,
IM,CHF,IRS,Discounts,CHF-TOIS-OIS-COMPOUND,,TOIS,,,
IM,CHF,IRS,Forwards,CHF-TOIS-OIS-COMPOUND,,TOIS,,,
IM,EUR,IRS,Discounts,EUR-EONIA-OIS-COMPOUND,,EONIA,,,
IM,EUR,IRS,Forwards,EUR-EONIA-OIS-COMPOUND,,EONIA,,,
IM,GBP,IRS,Discounts,GBP-WMBA-SONIA-COMPOUND,,SONIA,,,
IM,GBP,IRS,Forwards,GBP-WMBA-SONIA-COMPOUND,,SONIA,,,
IM,USD,IRS,Discounts,USD-Federal Funds-H.15-OIS-COMPOUND,,FEDFUND,,,
IM,USD,IRS,Forwards,USD-Federal Funds-H.15-OIS-COMPOUND,,FEDFUND,,,
IM,USD,IRS,Discounts,USD-Federal Funds-H.15,,FEDFUND,,,
IM,USD,IRS,Forwards,USD-Federal Funds-H.15,,FEDFUND,,,
IM,MXN,IRS,Forwards,MXN-TIIE-Banxico,,TIIE,,,
IM,MXN,IRS,Discounts,MXN-TIIE-Banxico,,TIIE,,,
VM,AUD,,,,,BBSW,,,
VM,CAD,,,,,CDOR,,,
VM,CHF,,,,,LIBOR,,,
VM,CZK,,,,,PRIBOR,,,
VM,DKK,,,,,CIBOR,,,
VM,EUR,,,,,EURIBOR,,,
VM,GBP,,,,,LIBOR,,,
VM,HKD,,,,,HIBOR,,,
VM,HUF,,,,,BUBOR,,,
VM,JPY,,,,,LIBOR,,,
VM,NOK,,,,,NIBOR,,,
VM,NZD,,,,,BKBM,,,
VM,PLN,,,,,WIBOR,,,
VM,SEK,,,,,STIBOR,,,
VM,SGD,,,,,SOR,,,
VM,USD,,,,,LIBOR,,,
VM,ZAR,,,,,JIBAR,,,
VM,AUD,FRA,Discounts,AUD-BBR-BBSW,,AONIA,AUD-AONIA-OIS-COMPOUND,22/10/2012,
VM,AUD,FRA,Discounts,AUD-LIBOR-BBA,,AONIA,AUD-AONIA-OIS-COMPOUND,22/10/2012,
VM,AUD,IRS,Discounts,AUD-BBR-BBSW,,AONIA,AUD-AONIA-OIS-COMPOUND,22/10/2012,
VM,AUD,IRS,Discounts,AUD-LIBOR-BBA,,AONIA,AUD-AONIA-OIS-COMPOUND,22/10/2012,
VM,AUD,IRS,Forwards,AUD-AONIA-OIS-COMPOUND,,AONIA,,01/01/2015,
VM,AUD,IRS,Discounts,AUD-AONIA-OIS-COMPOUND,,AONIA,,01/01/2015,
VM,CAD,IRS,Discounts,CAD-CORRA-OIS-COMPOUND,,CORRA,,,
VM,CAD,FRA,Discounts,CAD-BA-CDOR,,CORRA,CAD-CORRA-OIS-COMPOUND,09/09/2013,
VM,CAD,IRS,Discounts,CAD-BA-CDOR,,CORRA,CAD-CORRA-OIS-COMPOUND,09/09/2013,
VM,CAD,IRS,Discounts,CAD-LIBOR-BBA,,CORRA,CAD-CORRA-OIS-COMPOUND,09/09/2013,
VM,CAD,FRA,Discounts,CAD-LIBOR-BBA,,CORRA,CAD-CORRA-OIS-COMPOUND,09/09/2013,
VM,CHF,IRS,Discounts,CHF-TOIS-OIS-COMPOUND,,TOIS,,,
VM,CHF,FRA,Discounts,CHF-LIBOR-BBA,,TOIS,CHF-TOIS-OIS-COMPOUND,01/02/2012,
VM,CHF,IRS,Discounts,CHF-LIBOR-BBA,,TOIS,CHF-TOIS-OIS-COMPOUND,01/02/2012,
VM,EUR,IRS,Discounts,EUR-EONIA-OIS-COMPOUND,,EONIA,,,
VM,EUR,FRA,Discounts,EUR-EURIBOR-Reuters,,EONIA,EUR-EONIA-OIS-COMPOUND,,
VM,EUR,IRS,Discounts,EUR-EURIBOR-Reuters,,EONIA,EUR-EONIA-OIS-COMPOUND,,
VM,EUR,FRA,Discounts,EUR-EURIBOR-Telerate,,EONIA,EUR-EONIA-OIS-COMPOUND,,
VM,EUR,IRS,Discounts,EUR-EURIBOR-Telerate,,EONIA,EUR-EONIA-OIS-COMPOUND,,
VM,EUR,FRA,Discounts,EUR-LIBOR-BBA,,EONIA,EUR-EONIA-OIS-COMPOUND,,
VM,EUR,IRS,Discounts,EUR-LIBOR-BBA,,EONIA,EUR-EONIA-OIS-COMPOUND,,
VM,GBP,IRS,Discounts,GBP-WMBA-SONIA-COMPOUND,,SONIA,,,
VM,GBP,FRA,Discounts,GBP-LIBOR-BBA,,SONIA,GBP-WMBA-SONIA-COMPOUND,,
VM,GBP,IRS,Discounts,GBP-LIBOR-BBA,,SONIA,GBP-WMBA-SONIA-COMPOUND,,
VM,JPY,FRA,Discounts,JPY-LIBOR-BBA,,TONA,JPY-TONA-OIS-COMPOUND,01/04/2012,
VM,JPY,IRS,Discounts,JPY-LIBOR-BBA,,TONA,JPY-TONA-OIS-COMPOUND,01/04/2012,
VM,JPY,IRS,Forwards,JPY-TONA-OIS-COMPOUND,,TONA,,,
VM,JPY,IRS,Discounts,JPY-TONA-OIS-COMPOUND,,TONA,,,
VM,USD,IRS,Discounts,USD-Federal Funds-H.15-OIS-COMPOUND,,FEDFUND,,,
VM,USD,IRS,Discounts,USD-Federal Funds-H.15,,FEDFUND,,,
VM,USD,FRA,Discounts,USD-LIBOR-BBA,,FEDFUND,USD-Federal Funds-H.15-OIS-COMPOUND,,
VM,USD,IRS,Discounts,USD-LIBOR-BBA,,FEDFUND,USD-Federal Funds-H.15-OIS-COMPOUND,,
VM,CAD,IRS,Forwards,CAD-CORRA-OIS-COMPOUND,,CORRA,,,
VM,CAD,FRA,Forwards,CAD-BA-CDOR,3M,CDOR,,09/09/2013,
VM,CAD,IRS,Forwards,CAD-BA-CDOR,3M,CDOR,,09/09/2013,
VM,CAD,FRA,Forwards,CAD-BA-CDOR,1M,CDOR,,09/09/2013,
VM,CAD,IRS,Forwards,CAD-BA-CDOR,1M,CDOR,,09/09/2013,
VM,CAD,FRA,Forwards,CAD-LIBOR-BBA,1M,CDOR,,09/09/2013,
VM,CAD,IRS,Forwards,CAD-LIBOR-BBA,1M,CDOR,,09/09/2013,
VM,CAD,FRA,Forwards,CAD-LIBOR-BBA,3M,CDOR,,09/09/2013,
VM,CAD,IRS,Forwards,CAD-LIBOR-BBA,3M,CDOR,,09/09/2013,
VM,CHF,FRA,Forwards,CHF-LIBOR-BBA,3M,LIBOR,,,
VM,CHF,FRA,Forwards,CHF-LIBOR-BBA,6M,LIBOR,,,
VM,CHF,FRA,Forwards,CHF-LIBOR-BBA,12M,LIBOR,,01/12/2012,
VM,CHF,IRS,Forwards,CHF-TOIS-OIS-COMPOUND,,TOIS,,,
VM,CHF,IRS,Forwards,CHF-LIBOR-BBA,3M,LIBOR,,,
VM,CHF,IRS,Forwards,CHF-LIBOR-BBA,1M,LIBOR,,,
VM,CHF,IRS,Forwards,CHF-LIBOR-BBA,6M,LIBOR,,,
VM,CHF,IRS,Forwards,CHF-LIBOR-BBA,12M,LIBOR,,01/12/2012,
VM,EUR,FRA,Forwards,EUR-EURIBOR-Reuters,1M,EURIBOR,,,
VM,EUR,FRA,Forwards,EUR-EURIBOR-Reuters,3M,EURIBOR,,,
VM,EUR,FRA,Forwards,EUR-EURIBOR-Reuters,6M,EURIBOR,,,
VM,EUR,FRA,Forwards,EUR-EURIBOR-Reuters,12M,EURIBOR,,22/10/2012,
VM,EUR,FRA,Forwards,EUR-EURIBOR-Telerate,1M,EURIBOR,,,
VM,EUR,FRA,Forwards,EUR-EURIBOR-Telerate,3M,EURIBOR,,,
VM,EUR,FRA,Forwards,EUR-EURIBOR-Telerate,6M,EURIBOR,,,
VM,EUR,FRA,Forwards,EUR-EURIBOR-Telerate,12M,EURIBOR,,22/10/2012,
VM,EUR,FRA,Forwards,EUR-LIBOR-BBA,1M,EURIBOR,,,
VM,EUR,FRA,Forwards,EUR-LIBOR-BBA,3M,EURIBOR,,,
VM,EUR,FRA,Forwards,EUR-LIBOR-BBA,6M,EURIBOR,,,
VM,EUR,FRA,Forwards,EUR-LIBOR-BBA,12M,EURIBOR,,22/10/2012,
VM,EUR,IRS,Forwards,EUR-EONIA-OIS-COMPOUND,,EONIA,,,
VM,EUR,IRS,Forwards,EUR-EURIBOR-Reuters,1M,EURIBOR,,,
VM,EUR,IRS,Forwards,EUR-EURIBOR-Reuters,3M,EURIBOR,,,
VM,EUR,IRS,Forwards,EUR-EURIBOR-Reuters,6M,EURIBOR,,,
VM,EUR,IRS,Forwards,EUR-EURIBOR-Reuters,12M,EURIBOR,,22/10/2012,
VM,EUR,IRS,Forwards,EUR-EURIBOR-Telerate,1M,EURIBOR,,,
VM,EUR,IRS,Forwards,EUR-EURIBOR-Telerate,3M,EURIBOR,,,
VM,EUR,IRS,Forwards,EUR-EURIBOR-Telerate,6M,EURIBOR,,,
VM,EUR,IRS,Forwards,EUR-EURIBOR-Telerate,12M,EURIBOR,,22/10/2012,
VM,EUR,IRS,Forwards,EUR-LIBOR-BBA,1M,EURIBOR,,,
VM,EUR,IRS,Forwards,EUR-LIBOR-BBA,3M,EURIBOR,,,
VM,EUR,IRS,Forwards,EUR-LIBOR-BBA,6M,EURIBOR,,,
VM,EUR,IRS,Forwards,EUR-LIBOR-BBA,12M,EURIBOR,,22/10/2012,
VM,GBP,FRA,Forwards,GBP-LIBOR-BBA,1M,LIBOR,,,
VM,GBP,FRA,Forwards,GBP-LIBOR-BBA,3M,LIBOR,,,
VM,GBP,FRA,Forwards,GBP-LIBOR-BBA,6M,LIBOR,,,
VM,GBP,FRA,Forwards,GBP-LIBOR-BBA,12M,LIBOR,,22/10/2012,
VM,GBP,IRS,Forwards,GBP-WMBA-SONIA-COMPOUND,,SONIA,,,
VM,GBP,IRS,Forwards,GBP-LIBOR-BBA,1M,LIBOR,,,
VM,GBP,IRS,Forwards,GBP-LIBOR-BBA,3M,LIBOR,,,
VM,GBP,IRS,Forwards,GBP-LIBOR-BBA,6M,LIBOR,,,
VM,GBP,IRS,Forwards,GBP-LIBOR-BBA,12M,LIBOR,,22/10/2012,
VM,JPY,FRA,Forwards,JPY-LIBOR-BBA,3M,LIBOR,,,
VM,JPY,FRA,Forwards,JPY-LIBOR-BBA,6M,LIBOR,,,
VM,JPY,IRS,Forwards,JPY-LIBOR-BBA,3M,LIBOR,,,
VM,JPY,IRS,Forwards,JPY-LIBOR-BBA,6M,LIBOR,,,
VM,USD,FRA,Forwards,USD-LIBOR-BBA,1M,LIBOR,,,
VM,USD,FRA,Forwards,USD-LIBOR-BBA,3M,LIBOR,,,
VM,USD,FRA,Forwards,USD-LIBOR-BBA,6M,LIBOR,,,
VM,USD,FRA,Forwards,USD-LIBOR-BBA,12M,LIBOR,,22/10/2012,
VM,USD,IRS,Forwards,USD-Federal Funds-H.15-OIS-COMPOUND,,FEDFUND,,,
VM,USD,IRS,Forwards,USD-Federal Funds-H.15,,FEDFUND,,,
VM,USD,IRS,Forwards,USD-LIBOR-BBA,1M,LIBOR,,,
VM,USD,IRS,Forwards,USD-LIBOR-BBA,3M,LIBOR,,,
VM,USD,IRS,Forwards,USD-LIBOR-BBA,6M,LIBOR,,,
VM,USD,IRS,Forwards,USD-LIBOR-BBA,12M,LIBOR,,22/10/2012,
VM,AUD,IRS,Forwards,AUD-BBR-BBSW,1M,BBSW,,01/12/2012,
VM,AUD,IRS,Forwards,AUD-LIBOR-BBA,1M,BBSW,,01/12/2012,
VM,AUD,IRS,Forwards,AUD-BBR-BBSW,3M,BBSW,,01/12/2012,
VM,AUD,IRS,Forwards,AUD-LIBOR-BBA,3M,BBSW,,01/12/2012,
VM,AUD,FRA,Forwards,AUD-BBR-BBSW,3M,BBSW,,01/12/2012,
VM,AUD,FRA,Forwards,AUD-LIBOR-BBA,3M,BBSW,,01/12/2012,
VM,AUD,IRS,Forwards,AUD-BBR-BBSW,6M,BBSW,,01/12/2012,
VM,AUD,IRS,Forwards,AUD-LIBOR-BBA,6M,BBSW,,01/12/2012,
VM,AUD,FRA,Forwards,AUD-BBR-BBSW,6M,BBSW,,01/12/2012,
VM,AUD,FRA,Forwards,AUD-LIBOR-BBA,6M,BBSW,,01/12/2012,
VM,CZK,IRS,Forwards,CZK-PRIBOR-PRBO,3M,PRIBOR,,01/12/2012,
VM,CZK,IRS,Forwards,CZK-PRIBOR-PRBO,6M,PRIBOR,,01/12/2012,
VM,CZK,FRA,Forwards,CZK-PRIBOR-PRBO,3M,PRIBOR,,01/12/2012,
VM,CZK,FRA,Forwards,CZK-PRIBOR-PRBO,6M,PRIBOR,,01/12/2012,
VM,DKK,IRS,Forwards,DKK-CIBOR2-DKNA13,3M,CIBOR,,01/12/2012,
VM,DKK,IRS,Forwards,DKK-CIBOR2-DKNA13,6M,CIBOR,,01/12/2012,
VM,DKK,FRA,Forwards,DKK-CIBOR2-DKNA13,3M,CIBOR,,01/12/2012,
VM,DKK,FRA,Forwards,DKK-CIBOR2-DKNA13,6M,CIBOR,,01/12/2012,
VM,DKK,IRS,Forwards,DKK-CIBOR-DKNA13,3M,CIBOR,,01/12/2012,
VM,DKK,IRS,Forwards,DKK-CIBOR-DKNA13,6M,CIBOR,,01/12/2012,
VM,DKK,FRA,Forwards,DKK-CIBOR-DKNA13,3M,CIBOR,,01/12/2012,
VM,DKK,FRA,Forwards,DKK-CIBOR-DKNA13,6M,CIBOR,,01/12/2012,
VM,HUF,IRS,Forwards,HUF-BUBOR-Reuters,3M,BUBOR,,01/12/2012,
VM,HUF,IRS,Forwards,HUF-BUBOR-Reuters,6M,BUBOR,,01/12/2012,
VM,HUF,FRA,Forwards,HUF-BUBOR-Reuters,3M,BUBOR,,01/12/2012,
VM,HUF,FRA,Forwards,HUF-BUBOR-Reuters,6M,BUBOR,,01/12/2012,
VM,NOK,IRS,Forwards,NOK-NIBOR-NIBR,3M,NIBOR,,01/12/2012,
VM,NOK,IRS,Forwards,NOK-NIBOR-NIBR,6M,NIBOR,,01/12/2012,
VM,NOK,FRA,Forwards,NOK-NIBOR-NIBR,3M,NIBOR,,01/12/2012,
VM,NOK,FRA,Forwards,NOK-NIBOR-NIBR,6M,NIBOR,,01/12/2012,
VM,NOK,IRS,Forwards,NOK-NIBOR-OIBOR,3M,NIBOR,,01/12/2012,
VM,NOK,IRS,Forwards,NOK-NIBOR-OIBOR,6M,NIBOR,,01/12/2012,
VM,NOK,FRA,Forwards,NOK-NIBOR-OIBOR,3M,NIBOR,,01/12/2012,
VM,NOK,FRA,Forwards,NOK-NIBOR-OIBOR,6M,NIBOR,,01/12/2012,
VM,PLN,IRS,Forwards,PLN-WIBOR-WIBO,3M,WIBOR,,01/12/2012,
VM,PLN,IRS,Forwards,PLN-WIBOR-WIBO,6M,WIBOR,,01/12/2012,
VM,PLN,FRA,Forwards,PLN-WIBOR-WIBO,3M,WIBOR,,01/12/2012,
VM,PLN,FRA,Forwards,PLN-WIBOR-WIBO,6M,WIBOR,,01/12/2012,
VM,SEK,IRS,Forwards,SEK-STIBOR-SIDE,3M,STIBOR,,01/12/2012,
VM,SEK,IRS,Forwards,SEK-STIBOR-SIDE,6M,STIBOR,,01/12/2012,
VM,SEK,FRA,Forwards,SEK-STIBOR-SIDE,3M,STIBOR,,01/12/2012,
VM,SEK,FRA,Forwards,SEK-STIBOR-SIDE,6M,STIBOR,,01/12/2012,
VM,JPY,FRA,Forwards,JPY-LIBOR-BBA,1M,LIBOR,,15/03/2014,
VM,JPY,IRS,Forwards,JPY-LIBOR-BBA,1M,LIBOR,,15/03/2014,
VM,HKD,IRS,Forwards,HKD-HIBOR-HIBOR=,3M,HIBOR,,15/03/2014,
VM,HKD,IRS,Forwards,HKD-HIBOR-HIBOR=,6M,HIBOR,,15/03/2014,
VM,HKD,FRA,Forwards,HKD-HIBOR-HIBOR=,3M,HIBOR,,15/03/2014,
VM,HKD,FRA,Forwards,HKD-HIBOR-HIBOR=,6M,HIBOR,,15/03/2014,
VM,SGD,IRS,Forwards,SGD-SOR-VWAP,3M,SOR,,15/03/2014,
VM,SGD,IRS,Forwards,SGD-SOR-VWAP,6M,SOR,,15/03/2014,
VM,SGD,FRA,Forwards,SGD-SOR-VWAP,3M,SOR,,15/03/2014,
VM,SGD,FRA,Forwards,SGD-SOR-VWAP,6M,SOR,,15/03/2014,
VM,SGD,IRS,Forwards,SGD-SOR-Reuters,3M,SOR,,15/03/2014,
VM,SGD,IRS,Forwards,SGD-SOR-Reuters,6M,SOR,,15/03/2014,
VM,SGD,FRA,Forwards,SGD-SOR-Reuters,3M,SOR,,15/03/2014,
VM,SGD,FRA,Forwards,SGD-SOR-Reuters,6M,SOR,,15/03/2014,
VM,HKD,IRS,Forwards,HKD-HIBOR-HKAB,3M,HIBOR,,15/03/2014,
VM,HKD,IRS,Forwards,HKD-HIBOR-HKAB,6M,HIBOR,,15/03/2014,
VM,HKD,FRA,Forwards,HKD-HIBOR-HKAB,3M,HIBOR,,15/03/2014,
VM,HKD,FRA,Forwards,HKD-HIBOR-HKAB,6M,HIBOR,,15/03/2014,
VM,HKD,IRS,Forwards,HKD-HIBOR-ISDC,3M,HIBOR,,15/03/2014,
VM,HKD,IRS,Forwards,HKD-HIBOR-ISDC,6M,HIBOR,,15/03/2014,
VM,HKD,FRA,Forwards,HKD-HIBOR-ISDC,3M,HIBOR,,15/03/2014,
VM,HKD,FRA,Forwards,HKD-HIBOR-ISDC,6M,HIBOR,,15/03/2014,
IM,GBP,INF,,UK-RPI,,UK-RPI,,,
IM,EUR,INF,,EUR-EXT-CPI,,EUR-EXT-CPI,,,
IM,EUR,INF,,FRC-EXT-CPI,,FRC-EXT-CPI,,,
IM,USD,INF,,USA-CPI-U,,USA-CPI-U,,,
IM,GBP,INF,Discounts,UK-RPI,,SONIA,,,
IM,GBP,INF,Forwards,UK-RPI,,SONIA,,,
IM,EUR,INF,Discounts,EUR-EXT-CPI,,EONIA,,,
IM,EUR,INF,Forwards,EUR-EXT-CPI,,EONIA,,,
IM,EUR,INF,Discounts,FRC-EXT-CPI,,EONIA,,,
IM,EUR,INF,Forwards,FRC-EXT-CPI,,EONIA,,,
IM,USD,INF,Discounts,USA-CPI-U,,FEDFUND,,,
IM,USD,INF,Forwards,USA-CPI-U,,FEDFUND,,,
VM,GBP,INF,,UK-RPI,,UK-RPI,,,
VM,EUR,INF,,EUR-EXT-CPI,,EUR-EXT-CPI,,,
VM,EUR,INF,,FRC-EXT-CPI,,FRC-EXT-CPI,,,
VM,USD,INF,,USA-CPI-U,,USA-CPI-U,,,
VM,GBP,INF,Discounts,UK-RPI,,SONIA,,,
VM,GBP,INF,Forwards,UK-RPI,,SONIA,,,
VM,EUR,INF,Discounts,EUR-EXT-CPI,,EONIA,,,
VM,EUR,INF,Forwards,EUR-EXT-CPI,,EONIA,,,
VM,EUR,INF,Discounts,FRC-EXT-CPI,,EONIA,,,
VM,EUR,INF,Forwards,FRC-EXT-CPI,,EONIA,,,
VM,USD,INF,Discounts,USA-CPI-U,,FEDFUND,,,
VM,USD,INF,Forwards,USA-CPI-U,,FEDFUND,,,
VM,EUR,STIRFUT,Forwards,,,STIR-FUT,,,
VM,GBP,STIRFUT,Forwards,,,STIR-FUT,,,
VM,USD,STIRFUT,Forwards,,,STIR-FUT,,,
VM,EUR,BONDFUT,Discounts,,,STIR-FUT,,,
VM,GBP,BONDFUT,Discounts,,,STIR-FUT,,,
VM,USD,BONDFUT,Discounts,,,STIR-FUT,,,
VM_Pricing,AUD,,,,,BBSW,,,
VM_Pricing,CAD,,,,,CDOR,,,
VM_Pricing,CHF,,,,,LIBOR,,,
VM_Pricing,CZK,,,,,PRIBOR,,,
VM_Pricing,DKK,,,,,CIBOR,,,
VM_Pricing,EUR,,,,,EURIBOR,,,
VM_Pricing,GBP,,,,,LIBOR,,,
VM_Pricing,HKD,,,,,HIBOR,,,
VM_Pricing,HUF,,,,,BUBOR,,,
VM_Pricing,JPY,,,,,LIBOR,,,
VM_Pricing,NOK,,,,,NIBOR,,,
VM_Pricing,NZD,,,,,BKBM,,,
VM_Pricing,PLN,,,,,WIBOR,,,
VM_Pricing,SEK,,,,,STIBOR,,,
VM_Pricing,SGD,,,,,SOR,,,
VM_Pricing,USD,,,,,LIBOR,,,
VM_Pricing,ZAR,,,,,JIBAR,,,
VM_Pricing,AUD,FRA,Discounts,AUD-BBR-BBSW,,AONIA,AUD-AONIA-OIS-COMPOUND,22/10/2012,
VM_Pricing,AUD,FRA,Discounts,AUD-LIBOR-BBA,,AONIA,AUD-AONIA-OIS-COMPOUND,22/10/2012,
VM_Pricing,AUD,IRS,Discounts,AUD-BBR-BBSW,,AONIA,AUD-AONIA-OIS-COMPOUND,22/10/2012,
VM_Pricing,AUD,IRS,Discounts,AUD-LIBOR-BBA,,AONIA,AUD-AONIA-OIS-COMPOUND,22/10/2012,
VM_Pricing,AUD,IRS,Forwards,AUD-AONIA-OIS-COMPOUND,,AONIA,,01/01/2015,
VM_Pricing,AUD,IRS,Discounts,AUD-AONIA-OIS-COMPOUND,,AONIA,,01/01/2015,
VM_Pricing,CAD,IRS,Discounts,CAD-CORRA-OIS-COMPOUND,,CORRA,,,
VM_Pricing,CAD,FRA,Discounts,CAD-BA-CDOR,,CORRA,CAD-CORRA-OIS-COMPOUND,09/09/2013,
VM_Pricing,CAD,IRS,Discounts,CAD-BA-CDOR,,CORRA,CAD-CORRA-OIS-COMPOUND,09/09/2013,
VM_Pricing,CAD,IRS,Discounts,CAD-LIBOR-BBA,,CORRA,CAD-CORRA-OIS-COMPOUND,09/09/2013,
VM_Pricing,CAD,FRA,Discounts,CAD-LIBOR-BBA,,CORRA,CAD-CORRA-OIS-COMPOUND,09/09/2013,
VM_Pricing,CHF,IRS,Discounts,CHF-TOIS-OIS-COMPOUND,,TOIS,,,
VM_Pricing,CHF,FRA,Discounts,CHF-LIBOR-BBA,,TOIS,CHF-TOIS-OIS-COMPOUND,01/02/2012,
VM_Pricing,CHF,IRS,Discounts,CHF-LIBOR-BBA,,TOIS,CHF-TOIS-OIS-COMPOUND,01/02/2012,
VM_Pricing,EUR,IRS,Discounts,EUR-EONIA-OIS-COMPOUND,,EONIA,,,
VM_Pricing,EUR,FRA,Discounts,EUR-EURIBOR-Reuters,,EONIA,EUR-EONIA-OIS-COMPOUND,,
VM_Pricing,EUR,IRS,Discounts,EUR-EURIBOR-Reuters,,EONIA,EUR-EONIA-OIS-COMPOUND,,
VM_Pricing,EUR,FRA,Discounts,EUR-EURIBOR-Telerate,,EONIA,EUR-EONIA-OIS-COMPOUND,,
VM_Pricing,EUR,IRS,Discounts,EUR-EURIBOR-Telerate,,EONIA,EUR-EONIA-OIS-COMPOUND,,
VM_Pricing,EUR,FRA,Discounts,EUR-LIBOR-BBA,,EONIA,EUR-EONIA-OIS-COMPOUND,,
VM_Pricing,EUR,IRS,Discounts,EUR-LIBOR-BBA,,EONIA,EUR-EONIA-OIS-COMPOUND,,
VM_Pricing,GBP,IRS,Discounts,GBP-WMBA-SONIA-COMPOUND,,SONIA,,,
VM_Pricing,GBP,FRA,Discounts,GBP-LIBOR-BBA,,SONIA,GBP-WMBA-SONIA-COMPOUND,,
VM_Pricing,GBP,IRS,Discounts,GBP-LIBOR-BBA,,SONIA,GBP-WMBA-SONIA-COMPOUND,,
VM_Pricing,JPY,FRA,Discounts,JPY-LIBOR-BBA,,TONA,JPY-TONA-OIS-COMPOUND,01/04/2012,
VM_Pricing,JPY,IRS,Discounts,JPY-LIBOR-BBA,,TONA,JPY-TONA-OIS-COMPOUND,01/04/2012,
VM_Pricing,USD,IRS,Discounts,USD-Federal Funds-H.15-OIS-COMPOUND,,FEDFUND,,,
VM_Pricing,USD,IRS,Discounts,USD-Federal Funds-H.15,,FEDFUND,,,
VM_Pricing,USD,FRA,Discounts,USD-LIBOR-BBA,,FEDFUND,USD-Federal Funds-H.15-OIS-COMPOUND,,
VM_Pricing,USD,IRS,Discounts,USD-LIBOR-BBA,,FEDFUND,USD-Federal Funds-H.15-OIS-COMPOUND,,
VM_Pricing,CAD,IRS,Forwards,CAD-CORRA-OIS-COMPOUND,,CORRA,,,
VM_Pricing,CAD,FRA,Forwards,CAD-BA-CDOR,3M,CDOR,,09/09/2013,
VM_Pricing,CAD,IRS,Forwards,CAD-BA-CDOR,3M,CDOR,,09/09/2013,
VM_Pricing,CAD,FRA,Forwards,CAD-LIBOR-BBA,3M,CDOR,,09/09/2013,
VM_Pricing,CAD,IRS,Forwards,CAD-LIBOR-BBA,3M,CDOR,,09/09/2013,
VM_Pricing,CAD,FRA,Forwards,CAD-BA-CDOR,1M,CDOR,,09/09/2013,
VM_Pricing,CAD,IRS,Forwards,CAD-BA-CDOR,1M,CDOR,,09/09/2013,
VM_Pricing,CAD,FRA,Forwards,CAD-LIBOR-BBA,1M,CDOR,,09/09/2013,
VM_Pricing,CAD,IRS,Forwards,CAD-LIBOR-BBA,1M,CDOR,,09/09/2013,
VM_Pricing,CHF,FRA,Forwards,CHF-LIBOR-BBA,3M,LIBOR,,,
VM_Pricing,CHF,FRA,Forwards,CHF-LIBOR-BBA,6M,LIBOR,,,
VM_Pricing,CHF,FRA,Forwards,CHF-LIBOR-BBA,12M,LIBOR,,01/12/2012,
VM_Pricing,CHF,IRS,Forwards,CHF-TOIS-OIS-COMPOUND,,TOIS,,,
VM_Pricing,CHF,IRS,Forwards,CHF-LIBOR-BBA,1M,LIBOR,,,
VM_Pricing,CHF,IRS,Forwards,CHF-LIBOR-BBA,3M,LIBOR,,,
VM_Pricing,CHF,IRS,Forwards,CHF-LIBOR-BBA,6M,LIBOR,,,
VM_Pricing,CHF,IRS,Forwards,CHF-LIBOR-BBA,12M,LIBOR,,01/12/2012,
VM_Pricing,EUR,FRA,Forwards,EUR-EURIBOR-Reuters,1M,EURIBOR,,,
VM_Pricing,EUR,FRA,Forwards,EUR-EURIBOR-Reuters,3M,EURIBOR,,,
VM_Pricing,EUR,FRA,Forwards,EUR-EURIBOR-Reuters,6M,EURIBOR,,,
VM_Pricing,EUR,FRA,Forwards,EUR-EURIBOR-Reuters,12M,EURIBOR,,22/10/2012,
VM_Pricing,EUR,FRA,Forwards,EUR-EURIBOR-Telerate,1M,EURIBOR,,,
VM_Pricing,EUR,FRA,Forwards,EUR-EURIBOR-Telerate,3M,EURIBOR,,,
VM_Pricing,EUR,FRA,Forwards,EUR-EURIBOR-Telerate,6M,EURIBOR,,,
VM_Pricing,EUR,FRA,Forwards,EUR-EURIBOR-Telerate,12M,EURIBOR,,22/10/2012,
VM_Pricing,EUR,FRA,Forwards,EUR-LIBOR-BBA,1M,EURIBOR,,,
VM_Pricing,EUR,FRA,Forwards,EUR-LIBOR-BBA,3M,EURIBOR,,,
VM_Pricing,EUR,FRA,Forwards,EUR-LIBOR-BBA,6M,EURIBOR,,,
VM_Pricing,EUR,FRA,Forwards,EUR-LIBOR-BBA,12M,EURIBOR,,22/10/2012,
VM_Pricing,EUR,IRS,Forwards,EUR-EONIA-OIS-COMPOUND,,EONIA,,,
VM_Pricing,EUR,IRS,Forwards,EUR-EURIBOR-Reuters,1M,EURIBOR,,,
VM_Pricing,EUR,IRS,Forwards,EUR-EURIBOR-Reuters,3M,EURIBOR,,,
VM_Pricing,EUR,IRS,Forwards,EUR-EURIBOR-Reuters,6M,EURIBOR,,,
VM_Pricing,EUR,IRS,Forwards,EUR-EURIBOR-Reuters,12M,EURIBOR,,22/10/2012,
VM_Pricing,EUR,IRS,Forwards,EUR-EURIBOR-Telerate,1M,EURIBOR,,,
VM_Pricing,EUR,IRS,Forwards,EUR-EURIBOR-Telerate,3M,EURIBOR,,,
VM_Pricing,EUR,IRS,Forwards,EUR-EURIBOR-Telerate,6M,EURIBOR,,,
VM_Pricing,EUR,IRS,Forwards,EUR-EURIBOR-Telerate,12M,EURIBOR,,22/10/2012,
VM_Pricing,EUR,IRS,Forwards,EUR-LIBOR-BBA,1M,EURIBOR,,,
VM_Pricing,EUR,IRS,Forwards,EUR-LIBOR-BBA,3M,EURIBOR,,,
VM_Pricing,EUR,IRS,Forwards,EUR-LIBOR-BBA,6M,EURIBOR,,,
VM_Pricing,EUR,IRS,Forwards,EUR-LIBOR-BBA,12M,EURIBOR,,22/10/2012,
VM_Pricing,GBP,FRA,Forwards,GBP-LIBOR-BBA,1M,LIBOR,,,
VM_Pricing,GBP,FRA,Forwards,GBP-LIBOR-BBA,3M,LIBOR,,,
VM_Pricing,GBP,FRA,Forwards,GBP-LIBOR-BBA,6M,LIBOR,,,
VM_Pricing,GBP,FRA,Forwards,GBP-LIBOR-BBA,12M,LIBOR,,22/10/2012,
VM_Pricing,GBP,IRS,Forwards,GBP-WMBA-SONIA-COMPOUND,,SONIA,,,
VM_Pricing,GBP,IRS,Forwards,GBP-LIBOR-BBA,1M,LIBOR,,,
VM_Pricing,GBP,IRS,Forwards,GBP-LIBOR-BBA,3M,LIBOR,,,
VM_Pricing,GBP,IRS,Forwards,GBP-LIBOR-BBA,6M,LIBOR,,,
VM_Pricing,GBP,IRS,Forwards,GBP-LIBOR-BBA,12M,LIBOR,,22/10/2012,
VM_Pricing,JPY,FRA,Forwards,JPY-LIBOR-BBA,3M,LIBOR,,,
VM_Pricing,JPY,FRA,Forwards,JPY-LIBOR-BBA,6M,LIBOR,,,
VM_Pricing,JPY,IRS,Forwards,JPY-LIBOR-BBA,3M,LIBOR,,,
VM_Pricing,JPY,IRS,Forwards,JPY-LIBOR-BBA,6M,LIBOR,,,
VM_Pricing,USD,FRA,Forwards,USD-LIBOR-BBA,1M,LIBOR,,,
VM_Pricing,USD,FRA,Forwards,USD-LIBOR-BBA,3M,LIBOR,,,
VM_Pricing,USD,FRA,Forwards,USD-LIBOR-BBA,6M,LIBOR,,,
VM_Pricing,USD,FRA,Forwards,USD-LIBOR-BBA,12M,LIBOR,,22/10/2012,
VM_Pricing,USD,IRS,Forwards,USD-Federal Funds-H.15-OIS-COMPOUND,,FEDFUND,,,
VM_Pricing,USD,IRS,Forwards,USD-Federal Funds-H.15,,FEDFUND,,,
VM_Pricing,USD,IRS,Forwards,USD-LIBOR-BBA,1M,LIBOR,,,
VM_Pricing,USD,IRS,Forwards,USD-LIBOR-BBA,3M,LIBOR,,,
VM_Pricing,USD,IRS,Forwards,USD-LIBOR-BBA,6M,LIBOR,,,
VM_Pricing,USD,IRS,Forwards,USD-LIBOR-BBA,12M,LIBOR,,22/10/2012,
VM_Pricing,AUD,IRS,Forwards,AUD-BBR-BBSW,3M,BBSW,,01/12/2012,
VM_Pricing,AUD,IRS,Forwards,AUD-LIBOR-BBA,3M,BBSW,,01/12/2012,
VM_Pricing,AUD,IRS,Forwards,AUD-BBR-BBSW,1M,BBSW,,01/12/2012,
VM_Pricing,AUD,IRS,Forwards,AUD-LIBOR-BBA,1M,BBSW,,01/12/2012,
VM_Pricing,AUD,FRA,Forwards,AUD-BBR-BBSW,3M,BBSW,,01/12/2012,
VM_Pricing,AUD,FRA,Forwards,AUD-LIBOR-BBA,3M,BBSW,,01/12/2012,
VM_Pricing,AUD,IRS,Forwards,AUD-BBR-BBSW,6M,BBSW,,01/12/2012,
VM_Pricing,AUD,IRS,Forwards,AUD-LIBOR-BBA,6M,BBSW,,01/12/2012,
VM_Pricing,AUD,FRA,Forwards,AUD-BBR-BBSW,6M,BBSW,,01/12/2012,
VM_Pricing,AUD,FRA,Forwards,AUD-LIBOR-BBA,6M,BBSW,,01/12/2012,
VM_Pricing,CZK,IRS,Forwards,CZK-PRIBOR-PRBO,3M,PRIBOR,,01/12/2012,
VM_Pricing,CZK,IRS,Forwards,CZK-PRIBOR-PRBO,6M,PRIBOR,,01/12/2012,
VM_Pricing,CZK,FRA,Forwards,CZK-PRIBOR-PRBO,3M,PRIBOR,,01/12/2012,
VM_Pricing,CZK,FRA,Forwards,CZK-PRIBOR-PRBO,6M,PRIBOR,,01/12/2012,
VM_Pricing,DKK,IRS,Forwards,DKK-CIBOR2-DKNA13,3M,CIBOR,,01/12/2012,
VM_Pricing,DKK,IRS,Forwards,DKK-CIBOR2-DKNA13,6M,CIBOR,,01/12/2012,
VM_Pricing,DKK,FRA,Forwards,DKK-CIBOR2-DKNA13,3M,CIBOR,,01/12/2012,
VM_Pricing,DKK,FRA,Forwards,DKK-CIBOR2-DKNA13,6M,CIBOR,,01/12/2012,
VM_Pricing,DKK,IRS,Forwards,DKK-CIBOR-DKNA13,3M,CIBOR,,01/12/2012,
VM_Pricing,DKK,IRS,Forwards,DKK-CIBOR-DKNA13,6M,CIBOR,,01/12/2012,
VM_Pricing,DKK,FRA,Forwards,DKK-CIBOR-DKNA13,3M,CIBOR,,01/12/2012,
VM_Pricing,DKK,FRA,Forwards,DKK-CIBOR-DKNA13,6M,CIBOR,,01/12/2012,
VM_Pricing,HUF,IRS,Forwards,HUF-BUBOR-Reuters,3M,BUBOR,,01/12/2012,
VM_Pricing,HUF,IRS,Forwards,HUF-BUBOR-Reuters,6M,BUBOR,,01/12/2012,
VM_Pricing,HUF,FRA,Forwards,HUF-BUBOR-Reuters,3M,BUBOR,,01/12/2012,
VM_Pricing,HUF,FRA,Forwards,HUF-BUBOR-Reuters,6M,BUBOR,,01/12/2012,
VM_Pricing,NOK,IRS,Forwards,NOK-NIBOR-NIBR,3M,NIBOR,,01/12/2012,
VM_Pricing,NOK,IRS,Forwards,NOK-NIBOR-NIBR,6M,NIBOR,,01/12/2012,
VM_Pricing,NOK,FRA,Forwards,NOK-NIBOR-NIBR,3M,NIBOR,,01/12/2012,
VM_Pricing,NOK,FRA,Forwards,NOK-NIBOR-NIBR,6M,NIBOR,,01/12/2012,
VM_Pricing,NOK,IRS,Forwards,NOK-NIBOR-OIBOR,3M,NIBOR,,01/12/2012,
VM_Pricing,NOK,IRS,Forwards,NOK-NIBOR-OIBOR,6M,NIBOR,,01/12/2012,
VM_Pricing,NOK,FRA,Forwards,NOK-NIBOR-OIBOR,3M,NIBOR,,01/12/2012,
VM_Pricing,NOK,FRA,Forwards,NOK-NIBOR-OIBOR,6M,NIBOR,,01/12/2012,
VM_Pricing,PLN,IRS,Forwards,PLN-WIBOR-WIBO,3M,WIBOR,,01/12/2012,
VM_Pricing,PLN,IRS,Forwards,PLN-WIBOR-WIBO,6M,WIBOR,,01/12/2012,
VM_Pricing,PLN,FRA,Forwards,PLN-WIBOR-WIBO,3M,WIBOR,,01/12/2012,
VM_Pricing,PLN,FRA,Forwards,PLN-WIBOR-WIBO,6M,WIBOR,,01/12/2012,
VM_Pricing,SEK,IRS,Forwards,SEK-STIBOR-SIDE,3M,STIBOR,,01/12/2012,
VM_Pricing,SEK,IRS,Forwards,SEK-STIBOR-SIDE,6M,STIBOR,,01/12/2012,
VM_Pricing,SEK,FRA,Forwards,SEK-STIBOR-SIDE,3M,STIBOR,,01/12/2012,
VM_Pricing,SEK,FRA,Forwards,SEK-STIBOR-SIDE,6M,STIBOR,,01/12/2012,
VM_Pricing,JPY,FRA,Forwards,JPY-LIBOR-BBA,1M,LIBOR,,15/03/2014,
VM_Pricing,JPY,IRS,Forwards,JPY-LIBOR-BBA,1M,LIBOR,,15/03/2014,
VM_Pricing,JPY,IRS,Forwards,JPY-TONA-OIS-COMPOUND,,TONA,,15/03/2014,
VM_Pricing,JPY,IRS,Discounts,JPY-TONA-OIS-COMPOUND,,TONA,,15/03/2014,
VM_Pricing,HKD,IRS,Forwards,HKD-HIBOR-HIBOR=,3M,HIBOR,,15/03/2014,
VM_Pricing,HKD,IRS,Forwards,HKD-HIBOR-HIBOR=,6M,HIBOR,,15/03/2014,
VM_Pricing,HKD,FRA,Forwards,HKD-HIBOR-HIBOR=,3M,HIBOR,,15/03/2014,
VM_Pricing,HKD,FRA,Forwards,HKD-HIBOR-HIBOR=,6M,HIBOR,,15/03/2014,
VM_Pricing,SGD,IRS,Forwards,SGD-SOR-VWAP,3M,SOR,,15/03/2014,
VM_Pricing,SGD,IRS,Forwards,SGD-SOR-VWAP,6M,SOR,,15/03/2014,
VM_Pricing,SGD,FRA,Forwards,SGD-SOR-VWAP,3M,SOR,,15/03/2014,
VM_Pricing,SGD,FRA,Forwards,SGD-SOR-VWAP,6M,SOR,,15/03/2014,
VM_Pricing,SGD,IRS,Forwards,SGD-SOR-Reuters,3M,SOR,,15/03/2014,
VM_Pricing,SGD,IRS,Forwards,SGD-SOR-Reuters,6M,SOR,,15/03/2014,
VM_Pricing,SGD,FRA,Forwards,SGD-SOR-Reuters,3M,SOR,,15/03/2014,
VM_Pricing,SGD,FRA,Forwards,SGD-SOR-Reuters,6M,SOR,,15/03/2014,
VM_Pricing,HKD,IRS,Forwards,HKD-HIBOR-HKAB,3M,HIBOR,,15/03/2014,
VM_Pricing,HKD,IRS,Forwards,HKD-HIBOR-HKAB,6M,HIBOR,,15/03/2014,
VM_Pricing,HKD,FRA,Forwards,HKD-HIBOR-HKAB,3M,HIBOR,,15/03/2014,
VM_Pricing,HKD,FRA,Forwards,HKD-HIBOR-HKAB,6M,HIBOR,,15/03/2014,
VM_Pricing,HKD,IRS,Forwards,HKD-HIBOR-ISDC,3M,HIBOR,,15/03/2014,
VM_Pricing,HKD,IRS,Forwards,HKD-HIBOR-ISDC,6M,HIBOR,,15/03/2014,
VM_Pricing,HKD,FRA,Forwards,HKD-HIBOR-ISDC,3M,HIBOR,,15/03/2014,
VM_Pricing,HKD,FRA,Forwards,HKD-HIBOR-ISDC,6M,HIBOR,,15/03/2014,
VM_Pricing,GBP,INF,,UK-RPI,,UK-RPI,,,
VM_Pricing,EUR,INF,,EUR-EXT-CPI,,EUR-EXT-CPI,,,
VM_Pricing,EUR,INF,,FRC-EXT-CPI,,FRC-EXT-CPI,,,
VM_Pricing,USD,INF,,USA-CPI-U,,USA-CPI-U,,,
VM_Pricing,GBP,INF,Discounts,UK-RPI,,SONIA,,,
VM_Pricing,GBP,INF,Forwards,UK-RPI,,SONIA,,,
VM_Pricing,EUR,INF,Discounts,EUR-EXT-CPI,,EONIA,,,
VM_Pricing,EUR,INF,Forwards,EUR-EXT-CPI,,EONIA,,,
VM_Pricing,EUR,INF,Discounts,FRC-EXT-CPI,,EONIA,,,
VM_Pricing,EUR,INF,Forwards,FRC-EXT-CPI,,EONIA,,,
VM_Pricing,USD,INF,Discounts,USA-CPI-U,,FEDFUND,,,
VM_Pricing,USD,INF,Forwards,USA-CPI-U,,FEDFUND,,,
VM_Pricing,MXN,IRS,Forwards,MXN-TIIE-Banxico,,TIIE,,,
VM_Pricing,MXN,IRS,Discounts,MXN-TIIE-Banxico,,USDMXNBASIS,,,
VM,MXN,IRS,Forwards,MXN-TIIE-Banxico,,TIIE,,,
VM,MXN,IRS,Discounts,MXN-TIIE-Banxico,,USDMXNBASIS,,,
