product,id,currency,indexName,isdaName,index,isOIS,isLiborMaturityConvention,dayCountFraction,paymentLag,paymentCalendar,paymentDayConvention,fixingLag,fixingCalendar,fixingDayConvention,ScenarioCurveName,RateFixingIndex,PPSCalendar,PPSLag,rounding,startDelay,fixedPayFreq,floatPayFreq,fixedDayCountFraction,floatDayCountFraction,RollMethod,EOM,forwardCurve,discountCurve,fixedAccrualFreq,floatAccrualFreq
STIRFUT,NLX-EUR,EUR,STIR-FUT,STIR-FUT,Reuters,FALSE,FALSE,ACT/360,0,EUTA,MODFOLLOWING,-2,EUTA,MODFOLLOWING,EURIBOR,EUR-EURIBOR-Reuters,SWAP,2,20,2,,,,,IMM,TRUE,EUR_EURIBOR_EOD,EUR_EURIBOR_EOD,,
STIRFUT,NLX-USD,USD,STIR-FUT,STIR-FUT,BBA,FALSE,FALSE,ACT/360,0,USNY,MODFOLLOWING,-2,USNY,MODFOLLOWING,LIBOR,USD-LIBOR-BBA,SWAP,2,20,2,,,,,IMM,TRUE,USD_LIBOR_EOD,USD_LIBOR_EOD,,
STIRFUT,NLX-GBP,GBP,STIR-FUT,STIR-FUT,BBA,FALSE,FALSE,ACT/365.FIXED,0,GBLO,MODFOLLOWING,0,GBLO,PRECEDING,LIBOR,GBP-LIBOR-BBA,SWAP,2,20,0,,,,,IMM,TRUE,GBP_LIBOR_3M_EOD,GBP_LIBOR_3M_EOD,,
#
STIRFUT,LDM-EUR,EUR,STIR-FUT,STIR-FUT,Reuters,FALSE,FALSE,ACT/360,0,EUTA,MODFOLLOWING,-2,EUTA,MODFOLLOWING,EURIBOR,EUR-EURIBOR-Reuters,SWAP,2,20,2,,,,,IMM,TRUE,EUR_EURIBOR_EOD,EUR_EURIBOR_EOD,,
STIRFUT,LDM-USD,USD,STIR-FUT,STIR-FUT,BBA,FALSE,FALSE,ACT/360,0,USNY,MODFOLLOWING,-2,USNY,MODFOLLOWING,LIBOR,USD-LIBOR-BBA,SWAP,2,20,2,,,,,IMM,TRUE,USD_LIBOR_EOD,USD_LIBOR_EOD,,
STIRFUT,LDM-GBP,GBP,STIR-FUT,STIR-FUT,BBA,FALSE,FALSE,ACT/365.FIXED,0,GBLO,MODFOLLOWING,0,GBLO,PRECEDING,LIBOR,GBP-LIBOR-BBA,SWAP,2,20,0,,,,,IMM,TRUE,GBP_LIBOR_3M_EOD,GBP_LIBOR_3M_EOD,,
#
BONDFUT,NLX-EUR,EUR,EURIBOR,EUR-EURIBOR-Reuters,Reuters,FALSE,FALSE,ACT/360,0,EUTA,MODFOLLOWING,-2,EUTA,MODFOLLOWING,EURIBOR,EUR-EURIBOR-Reuters,SWAP,2,20,2,,,,,IMM,TRUE,EUR_EURIBOR_EOD,EUR_EURIBOR_EOD,,
BONDFUT,NLX-USD,USD,LIBOR,USD-LIBOR-BBA,BBA,FALSE,FALSE,ACT/360,0,USNY,MODFOLLOWING,-2,USNY,MODFOLLOWING,LIBOR,USD-LIBOR-BBA,SWAP,2,20,2,,,,,IMM,TRUE,USD_LIBOR_EOD,USD_LIBOR_EOD,,
BONDFUT,NLX-GBP,GBP,LIBOR,GBP-LIBOR-BBA,BBA,FALSE,FALSE,ACT/365.FIXED,0,GBLO,MODFOLLOWING,0,GBLO,PRECEDING,LIBOR,GBP-LIBOR-BBA,SWAP,2,20,0,,,,,IMM,TRUE,GBP_LIBOR_3M_EOD,GBP_LIBOR_3M_EOD,,
#
BONDFUT,LDM-EUR,EUR,EURIBOR,EUR-EURIBOR-Reuters,Reuters,FALSE,FALSE,ACT/360,0,EUTA,MODFOLLOWING,-2,EUTA,MODFOLLOWING,EURIBOR,EUR-EURIBOR-Reuters,SWAP,2,20,2,,,,,IMM,TRUE,EUR_EURIBOR_EOD,EUR_EURIBOR_EOD,,
BONDFUT,LDM-USD,USD,LIBOR,USD-LIBOR-BBA,BBA,FALSE,FALSE,ACT/360,0,USNY,MODFOLLOWING,-2,USNY,MODFOLLOWING,LIBOR,USD-LIBOR-BBA,SWAP,2,20,2,,,,,IMM,TRUE,USD_LIBOR_EOD,USD_LIBOR_EOD,,
BONDFUT,LDM-GBP,GBP,LIBOR,GBP-LIBOR-BBA,BBA,FALSE,FALSE,ACT/365.FIXED,0,GBLO,MODFOLLOWING,0,GBLO,PRECEDING,LIBOR,GBP-LIBOR-BBA,SWAP,2,20,0,,,,,IMM,TRUE,GBP_LIBOR_3M_EOD,GBP_LIBOR_3M_EOD,,
