<?xml version="1.0" encoding="UTF-8"?>
<!DOCTYPE log4j:configuration SYSTEM "log4j.dtd" >
<log4j:configuration>
    <appender name="FA" class="org.apache.log4j.FileAppender">
        <param name="File" value="smart.log"/>
        <layout class="org.apache.log4j.PatternLayout">
            <param name="ConversionPattern" value="%m%n"/>
        </layout>
    </appender>
    <appender name="stdout" class="org.apache.log4j.ConsoleAppender">
        <layout class="org.apache.log4j.PatternLayout">
            <param name="ConversionPattern" value="%r [%t] %-5p %m%n"/>
        </layout>
    </appender>
    <root>
        <priority value="INFO"/>
        <appender-ref ref="FA"/>
        <appender-ref ref="stdout"/>
    </root>
</log4j:configuration>