Product Type,Key1,Rule,ValueType,Value,EffectiveDate,ExpiryDate
INF,GBP,Inflation Index List,List,"UK-RPI",,
INF,USD,Inflation Index List,List,"USA-CPI-U",,
INF,EUR,Inflation Index List,List,"EUR-EXT-CPI, FRC-EXT-CPI",,
INF,GBP,Inflation Interpolation Method,List,"NONE,LINEAR",,
INF,USD,Inflation Interpolation Method,List,"NONE,LINEAR",,
INF,EUR,Inflation Interpolation Method,List,"NONE,LINEAR",,
INF,GBP,Minimum Term,Integer,1,,
INF,USD,Minimum Term,Integer,1,,
INF,EUR,Minimum Term,Integer,1,,
IRS,AUD,Minimum Term,Integer,1,,
IRS,AUD,Minimum Residual Term,Integer,3,,
IRS,AUD,Maximum Residual Term,Integer,10970,,
IRS,AUD,Floating Leg Payment Frequency,List,"1M, 3M, 6M, 12M, 1Y, 1T",,
IRS,AUD,Fixed Leg Payment Frequency,List,"1M, 3M, 6M, 12M, 1Y, 1T",,
IRS,CAD,Minimum Term,Integer,28,,
IRS,CAD,Minimum Residual Term,Integer,2,,
IRS,CAD,Maximum Residual Term,Integer,10970,,
IRS,CAD,Floating Leg Payment Frequency,List,"1M, 3M, 6M, 12M, 1Y, 1T",,
IRS,CAD,Fixed Leg Payment Frequency,List,"1M, 3M, 6M, 12M, 1Y, 1T",,
IRS,CHF,Minimum Term,Integer,28,,
IRS,CHF,Minimum Residual Term,Integer,3,,
IRS,CHF,Maximum Residual Term,Integer,10970,,
IRS,CHF,Floating Leg Payment Frequency,List,"1M, 3M, 6M, 12M, 1Y, 1T",,
IRS,CHF,Fixed Leg Payment Frequency,List,"1M, 3M, 6M, 12M, 1Y, 1T",,
IRS,CZK,Minimum Term,Integer,28,,
IRS,CZK,Minimum Residual Term,Integer,3,,
IRS,CZK,Maximum Residual Term,Integer,3670,,
IRS,CZK,Floating Leg Payment Frequency,List,"1M, 3M, 6M, 12M, 1Y, 1T",,
IRS,CZK,Fixed Leg Payment Frequency,List,"1M, 3M, 6M, 12M, 1Y, 1T",,
IRS,DKK,Minimum Term,Integer,28,,
IRS,DKK,Minimum Residual Term,Integer,3,,
IRS,DKK,Maximum Residual Term,Integer,11375,,
IRS,DKK,Floating Leg Payment Frequency,List,"1M, 3M, 6M, 12M, 1Y, 1T",,
IRS,DKK,Fixed Leg Payment Frequency,List,"1M, 3M, 6M, 12M, 1Y, 1T",,
IRS,EUR,Minimum Term,Integer,28,,
IRS,EUR,Minimum Residual Term,Integer,2,,
IRS,EUR,Maximum Residual Term,Integer,18275,,
IRS,EUR,Floating Leg Payment Frequency,List,"1M, 3M, 6M, 12M, 1Y, 1T",,
IRS,EUR,Fixed Leg Payment Frequency,List,"1M, 3M, 6M, 12M, 1Y, 1T",,
IRS,GBP,Minimum Term,Integer,28,,
IRS,GBP,Minimum Residual Term,Integer,2,,
IRS,GBP,Maximum Residual Term,Integer,18275,,
IRS,GBP,Floating Leg Payment Frequency,List,"1M, 3M, 6M, 12M, 1Y, 1T",,
IRS,GBP,Fixed Leg Payment Frequency,List,"1M, 3M, 6M, 12M, 1Y, 1T",,
IRS,HKD,Minimum Term,Integer,28,,
IRS,HKD,Minimum Residual Term,Integer,3,,
IRS,HKD,Maximum Residual Term,Integer,3670,,
IRS,HKD,Floating Leg Payment Frequency,List,"1M, 3M, 6M, 12M, 1Y, 1T",,
IRS,HKD,Fixed Leg Payment Frequency,List,"1M, 3M, 6M, 12M, 1Y, 1T",,
IRS,HUF,Minimum Term,Integer,28,,
IRS,HUF,Minimum Residual Term,Integer,3,,
IRS,HUF,Maximum Residual Term,Integer,3670,,
IRS,HUF,Floating Leg Payment Frequency,List,"1M, 3M, 6M, 12M, 1Y, 1T",,
IRS,HUF,Fixed Leg Payment Frequency,List,"1M, 3M, 6M, 12M, 1Y, 1T",,
IRS,JPY,Minimum Term,Integer,28,,
IRS,JPY,Minimum Residual Term,Integer,3,,
IRS,JPY,Maximum Residual Term,Integer,14620,,
IRS,JPY,Floating Leg Payment Frequency,List,"1M, 3M, 6M, 12M, 1Y, 1T",,
IRS,JPY,Fixed Leg Payment Frequency,List,"1M, 3M, 6M, 12M, 1Y, 1T",,
IRS,NOK,Minimum Term,Integer,28,,
IRS,NOK,Minimum Residual Term,Integer,3,,
IRS,NOK,Maximum Residual Term,Integer,5700,,
IRS,NOK,Floating Leg Payment Frequency,List,"1M, 3M, 6M, 12M, 1Y, 1T",,
IRS,NOK,Fixed Leg Payment Frequency,List,"1M, 3M, 6M, 12M, 1Y, 1T",,
IRS,NZD,Minimum Term,Integer,28,,
IRS,NZD,Minimum Residual Term,Integer,3,,
IRS,NZD,Maximum Residual Term,Integer,5495,,
IRS,NZD,Floating Leg Payment Frequency,List,"1M, 3M, 6M, 1T",01/01/2012,
IRS,NZD,Fixed Leg Payment Frequency,List,"1M, 3M, 6M, 12M, 1Y, 1T",,
IRS,PLN,Minimum Term,Integer,28,,
IRS,PLN,Minimum Residual Term,Integer,3,,
IRS,PLN,Maximum Residual Term,Integer,5700,,
IRS,PLN,Floating Leg Payment Frequency,List,"1M, 3M, 6M, 12M, 1Y, 1T",,
IRS,PLN,Fixed Leg Payment Frequency,List,"1M, 3M, 6M, 12M, 1Y, 1T",,
IRS,SEK,Minimum Term,Integer,28,,
IRS,SEK,Minimum Residual Term,Integer,3,,
IRS,SEK,Maximum Residual Term,Integer,10970,,
IRS,SEK,Floating Leg Payment Frequency,List,"1M, 3M, 6M, 12M, 1Y, 1T",,
IRS,SEK,Fixed Leg Payment Frequency,List,"1M, 3M, 6M, 12M, 1Y, 1T",,
IRS,SGD,Minimum Term,Integer,28,,
IRS,SGD,Minimum Residual Term,Integer,3,,
IRS,SGD,Maximum Residual Term,Integer,3670,,
IRS,SGD,Floating Leg Payment Frequency,List,"1M, 3M, 6M, 12M, 1Y, 1T",,
IRS,SGD,Fixed Leg Payment Frequency,List,"1M, 3M, 6M, 12M, 1Y, 1T",,
IRS,USD,Minimum Term,Integer,28,,
IRS,USD,Minimum Residual Term,Integer,2,,
IRS,USD,Maximum Residual Term,Integer,18275,,
IRS,USD,Floating Leg Payment Frequency,List,"1M, 3M, 6M, 12M, 1Y, 1T",,
IRS,USD,Fixed Leg Payment Frequency,List,"1M, 3M, 6M, 12M, 1Y, 1T",,
IRS,ZAR,Minimum Term,Integer,28,,
IRS,ZAR,Minimum Residual Term,Integer,3,,
IRS,ZAR,Maximum Residual Term,Integer,3670,,
IRS,ZAR,Floating Leg Payment Frequency,List,"1M, 3M, 6M, 12M, 1Y, 1T",,
IRS,ZAR,Fixed Leg Payment Frequency,List,"1M, 3M, 6M, 12M, 1Y, 1T",,
OIS,AUD,Minimum Term,Integer,7,,
OIS,AUD,Minimum Residual Term,Integer,3,,
OIS,AUD,Maximum Residual Term,Integer,2025,,
OIS,AUD,Floating Leg Payment Frequency,List,"12M,1Y, 1T",,
OIS,AUD,Fixed Leg Payment Frequency,List,"12M,1Y, 1T",,
OIS,AUD,Floating Rate Rounding,Integer,4,,
OIS,CAD,Minimum Term,Integer,7,,
OIS,CAD,Minimum Residual Term,Integer,2,,
OIS,CAD,Maximum Residual Term,Integer,750,,
OIS,CAD,Floating Leg Payment Frequency,List,"6M, 1Y, 12M, 1T",,
OIS,CAD,Fixed Leg Payment Frequency,List,"6M, 1Y, 12M, 1T",,
OIS,CAD,Floating Rate Rounding,Integer,4,,
OIS,CHF,Minimum Term,Integer,7,,
OIS,CHF,Minimum Residual Term,Integer,3,,
OIS,CHF,Maximum Residual Term,Integer,1750,,20/04/2012
OIS,CHF,Maximum Residual Term,Integer,750,21/04/2012,
OIS,CHF,Floating Leg Payment Frequency,List,"1Y, 12M, 1T",,
OIS,CHF,Fixed Leg Payment Frequency,List,"1Y, 12M, 1T",,
OIS,CHF,Floating Rate Rounding,Integer,4,,
OIS,GBP,Minimum Residual Term,Integer,2,,
OIS,GBP,Maximum Residual Term,Integer,1750,,20/04/2012
OIS,GBP,Maximum Residual Term,Integer,750,21/04/2012,10/06/2013
OIS,GBP,Maximum Residual Term,Integer,10970,11/06/2013,
OIS,GBP,Floating Leg Payment Frequency,List,"1Y, 12M, 1T",,
OIS,GBP,Fixed Leg Payment Frequency,List,"1Y, 12M, 1T",,
OIS,GBP,Floating Rate Rounding,Integer,4,,
OIS,EUR,Minimum Residual Term,Integer,2,,
OIS,EUR,Floating Leg Payment Frequency,List,"1Y, 12M, 1T",,
OIS,EUR,Maximum Residual Term,Integer,1750,,20/04/2012
OIS,EUR,Maximum Residual Term,Integer,750,21/04/2012,10/06/2013
OIS,EUR,Maximum Residual Term,Integer,10970,11/06/2013,
OIS,EUR,Fixed Leg Payment Frequency,List,"1Y, 12M, 1T",,
OIS,EUR,Floating Rate Rounding,Integer,4,,
OIS,USD,Minimum Residual Term,Integer,2,,
OIS,USD,Maximum Residual Term,Integer,1750,,20/04/2012
OIS,USD,Maximum Residual Term,Integer,1750,21/04/2012,10/06/2013
OIS,USD,Maximum Residual Term,Integer,10970,11/06/2013,
OIS,USD,Floating Leg Payment Frequency,List,"1Y, 12M, 1T",,
OIS,USD,Fixed Leg Payment Frequency,List,"1Y, 12M, 1T",,
OIS,USD,Floating Rate Rounding,Integer,5,,
OIS,JPY,Maximum Notional,Double,1.00E+13,,
OIS,JPY,Minimum Term,Integer,7,,
OIS,JPY,Minimum Residual Term,Integer,3,,
OIS,JPY,Maximum Residual Term,Integer,10970,,
OIS,JPY,Floating Leg Payment Frequency,List,"1Y, 12M, 1T",,
OIS,JPY,Fixed Leg Payment Frequency,List,"1Y, 12M, 1T",,
OIS,JPY,Floating Rate Rounding,Integer,5,,
OIS,JPY,Floating Leg Day Count Fraction,List,ACT/365.FIXED,,
OIS,JPY,Fixed Leg Day Count Fraction,List,"ACT/360,30E/360,30/360,ACT/365.FIXED,30E/360.ISDA",,
OIS,JPY,Floating Leg Payment Frequency,List,"1Y, 12M, 1T",,
OIS,JPY,Floating Leg Index Tenor,List,"1Y, 12M, 1T",,
OIS,ALL,Floating Leg Day Count Fraction,List,"ACT/360,30E/360,30/360,ACT/365.FIXED,30E/360.ISDA,ACT/ACT.ISDA,ACT/ACT.ICMA",,
OIS,ALL,Fixed Leg Day Count Fraction,List,"ACT/360,30E/360,30/360,ACT/365.FIXED,30E/360.ISDA,ACT/ACT.ISDA,ACT/ACT.ICMA",,
#
VNS,EUR,Minimum Term,Integer,28,,
VNS,EUR,Minimum Residual Term,Integer,2,,
VNS,EUR,Maximum Residual Term,Integer,18675,,
VNS,EUR,Floating Leg Payment Frequency,List,"1M, 3M, 6M, 12M, 1Y, 1T",,
VNS,EUR,Fixed Leg Payment Frequency,List,"1M, 3M, 6M, 12M, 1Y, 1T",,
#
VNS,GBP,Minimum Term,Integer,28,,
VNS,GBP,Minimum Residual Term,Integer,2,,
VNS,GBP,Maximum Residual Term,Integer,18675,,
VNS,GBP,Floating Leg Payment Frequency,List,"1M, 3M, 6M, 12M, 1Y, 1T",,
VNS,GBP,Fixed Leg Payment Frequency,List,"1M, 3M, 6M, 12M, 1Y, 1T",,
#
VNS,USD,Minimum Term,Integer,28,,
VNS,USD,Minimum Residual Term,Integer,2,,
VNS,USD,Maximum Residual Term,Integer,18675,,
VNS,USD,Floating Leg Payment Frequency,List,"1M, 3M, 6M, 12M, 1Y, 1T",,
VNS,USD,Fixed Leg Payment Frequency,List,"1M, 3M, 6M, 12M, 1Y, 1T",,
#
VNS,AUD,Minimum Term,Integer,28,,
VNS,AUD,Minimum Residual Term,Integer,2,,
VNS,AUD,Maximum Residual Term,Integer,11375,,
VNS,AUD,Floating Leg Payment Frequency,List,"1M, 3M, 6M, 12M, 1Y, 1T",,
VNS,AUD,Fixed Leg Payment Frequency,List,"1M, 3M, 6M, 12M, 1Y, 1T",,
#
VNS,CAD,Minimum Term,Integer,28,,
VNS,CAD,Minimum Residual Term,Integer,2,,
VNS,CAD,Maximum Residual Term,Integer,11375,,
VNS,CAD,Floating Leg Payment Frequency,List,"1M, 3M, 6M, 12M, 1Y, 1T",,
VNS,CAD,Fixed Leg Payment Frequency,List,"1M, 3M, 6M, 12M, 1Y, 1T",,
#
VNS,JPY,Minimum Term,Integer,28,,
VNS,JPY,Minimum Residual Term,Integer,2,,
VNS,JPY,Maximum Residual Term,Integer,15025,,
VNS,JPY,Floating Leg Payment Frequency,List,"1M, 3M, 6M, 12M, 1Y, 1T",,
VNS,JPY,Fixed Leg Payment Frequency,List,"1M, 3M, 6M, 12M, 1Y, 1T",,
#
VNS,NOK,Minimum Term,Integer,28,,
VNS,NOK,Minimum Residual Term,Integer,3,,
VNS,NOK,Maximum Residual Term,Integer,5700,,
VNS,NOK,Floating Leg Payment Frequency,List,"1M, 3M, 6M, 12M, 1Y, 1T",,
VNS,NOK,Fixed Leg Payment Frequency,List,"1M, 3M, 6M, 12M, 1Y, 1T",,
#
VNS,PLN,Minimum Term,Integer,28,,
VNS,PLN,Minimum Residual Term,Integer,3,,
VNS,PLN,Maximum Residual Term,Integer,5700,,
VNS,PLN,Floating Leg Payment Frequency,List,"1M, 3M, 6M, 12M, 1Y, 1T",,
VNS,PLN,Fixed Leg Payment Frequency,List,"1M, 3M, 6M, 12M, 1Y, 1T",,
#
VNS,SEK,Minimum Term,Integer,28,,
VNS,SEK,Minimum Residual Term,Integer,3,,
VNS,SEK,Maximum Residual Term,Integer,10970,,
VNS,SEK,Floating Leg Payment Frequency,List,"1M, 3M, 6M, 12M, 1Y, 1T",,
VNS,SEK,Fixed Leg Payment Frequency,List,"1M, 3M, 6M, 12M, 1Y, 1T",,
#
VNS,CHF,Minimum Term,Integer,28,,
VNS,CHF,Minimum Residual Term,Integer,2,,
VNS,CHF,Maximum Residual Term,Integer,10970,,
VNS,CHF,Floating Leg Payment Frequency,List,"1M, 3M, 6M, 12M, 1Y, 1T",,
VNS,CHF,Fixed Leg Payment Frequency,List,"1M, 3M, 6M, 12M, 1Y, 1T",,
#
VNS,CZK,Minimum Term,Integer,28,,
VNS,CZK,Minimum Residual Term,Integer,2,,
VNS,CZK,Maximum Residual Term,Integer,3670,,
VNS,CZK,Floating Leg Payment Frequency,List,"1M, 3M, 6M, 12M, 1Y, 1T",,
VNS,CZK,Fixed Leg Payment Frequency,List,"1M, 3M, 6M, 12M, 1Y, 1T",,
#
VNS,DKK,Minimum Term,Integer,28,,
VNS,DKK,Minimum Residual Term,Integer,2,,
VNS,DKK,Maximum Residual Term,Integer,11375,,
VNS,DKK,Floating Leg Payment Frequency,List,"1M, 3M, 6M, 12M, 1Y, 1T",,
VNS,DKK,Fixed Leg Payment Frequency,List,"1M, 3M, 6M, 12M, 1Y, 1T",,
#
VNS,HKD,Minimum Term,Integer,28,,
VNS,HKD,Minimum Residual Term,Integer,2,,
VNS,HKD,Maximum Residual Term,Integer,3670,,
VNS,HKD,Floating Leg Payment Frequency,List,"1M, 3M, 6M, 12M, 1Y, 1T",,
VNS,HKD,Fixed Leg Payment Frequency,List,"1M, 3M, 6M, 12M, 1Y, 1T",,
#
VNS,HUF,Minimum Term,Integer,28,,
VNS,HUF,Minimum Residual Term,Integer,2,,
VNS,HUF,Maximum Residual Term,Integer,3670,,
VNS,HUF,Floating Leg Payment Frequency,List,"1M, 3M, 6M, 12M, 1Y, 1T",,
VNS,HUF,Fixed Leg Payment Frequency,List,"1M, 3M, 6M, 12M, 1Y, 1T",,
#
VNS,MXN,Minimum Term,Integer,28,,
VNS,MXN,Maximum Residual Term,Integer,3850,,
VNS,MXN,Minimum Residual Term,Integer,3,,
VNS,MXN,Floating Leg Payment Frequency,List,"28D,4W,1T",,
VNS,MXN,Fixed Leg Payment Frequency,List,"28D,4W,1T",,
VNS,MXN,Floating Leg Day Count Fraction,List,ACT/360,,
VNS,MXN,Fixed Leg Day Count Fraction,List,"ACT/360,30E/360,30/360,ACT/365.FIXED,30E/360.ISDA,ACT/ACT.ISDA,ACT/ACT.ICMA",,
VNS,MXN,Fixing Lag,Integer,-1,,
#
VNS,NZD,Minimum Term,Integer,28,,
VNS,NZD,Minimum Residual Term,Integer,2,,
VNS,NZD,Maximum Residual Term,Integer,5495,,
VNS,NZD,Floating Leg Payment Frequency,List,"1M, 3M, 6M, 12M, 1Y, 1T",,
VNS,NZD,Fixed Leg Payment Frequency,List,"1M, 3M, 6M, 12M, 1Y, 1T",,
#
VNS,SGD,Minimum Term,Integer,28,,
VNS,SGD,Minimum Residual Term,Integer,2,,
VNS,SGD,Maximum Residual Term,Integer,3670,,
VNS,SGD,Floating Leg Payment Frequency,List,"1M, 3M, 6M, 12M, 1Y, 1T",,
VNS,SGD,Fixed Leg Payment Frequency,List,"1M, 3M, 6M, 12M, 1Y, 1T",,
#
VNS,ZAR,Minimum Term,Integer,28,,
VNS,ZAR,Minimum Residual Term,Integer,2,,
VNS,ZAR,Maximum Residual Term,Integer,3670,,
VNS,ZAR,Floating Leg Payment Frequency,List,"1M, 3M, 6M, 12M, 1Y, 1T",,
VNS,ZAR,Fixed Leg Payment Frequency,List,"1M, 3M, 6M, 12M, 1Y, 1T",,
#
VNS,ALL,Floating Leg Day Count Fraction,List,"ACT/360,30E/360,30/360,ACT/365.FIXED,30E/360.ISDA,ACT/ACT.ISDA,ACT/ACT.ICMA",,
VNS,ALL,Fixed Leg Day Count Fraction,List,"ACT/360,30E/360,30/360,ACT/365.FIXED,30E/360.ISDA,ACT/ACT.ISDA,ACT/ACT.ICMA",,
FRA,CHF,Minimum Term,Integer,3,,
FRA,CHF,Maximum Term,Integer,375,,
FRA,CHF,Maximum Residual Term,Integer,740,,
FRA,CZK,Minimum Term,Integer,3,,
FRA,CZK,Maximum Term,Integer,375,,
FRA,CZK,Maximum Residual Term,Integer,740,,
FRA,DKK,Minimum Term,Integer,3,,
FRA,DKK,Maximum Term,Integer,375,,
FRA,DKK,Maximum Residual Term,Integer,740,,
FRA,EUR,Minimum Term,Integer,3,,
FRA,EUR,Maximum Term,Integer,375,,
FRA,EUR,Maximum Residual Term,Integer,1105,,
FRA,GBP,Minimum Term,Integer,3,,
FRA,GBP,Maximum Term,Integer,375,,
FRA,GBP,Maximum Residual Term,Integer,1105,,
FRA,HUF,Minimum Term,Integer,3,,
FRA,HUF,Maximum Term,Integer,375,,
FRA,HUF,Maximum Residual Term,Integer,740,,
FRA,JPY,Minimum Term,Integer,3,,
FRA,JPY,Maximum Term,Integer,375,,
FRA,JPY,Maximum Residual Term,Integer,1105,,
FRA,NOK,Minimum Term,Integer,3,,
FRA,NOK,Maximum Term,Integer,375,,
FRA,NOK,Maximum Residual Term,Integer,740,,
FRA,PLN,Minimum Term,Integer,3,,
FRA,PLN,Maximum Term,Integer,375,,
FRA,PLN,Maximum Residual Term,Integer,740,,
FRA,SEK,Minimum Term,Integer,3,,
FRA,SEK,Maximum Term,Integer,375,,
FRA,SEK,Maximum Residual Term,Integer,740,,
FRA,USD,Minimum Term,Integer,3,,
FRA,USD,Maximum Term,Integer,375,,
FRA,USD,Maximum Residual Term,Integer,1105,,
INF,USA-CPI-U,Maximum Residual Term,Integer,11000,,
INF,UK-RPI,Maximum Residual Term,Integer,18325,,
INF,EUR-EXT-CPI,Maximum Residual Term,Integer,11000,,
INF,FRC-EXT-CPI,Maximum Residual Term,Integer,11000,,
INF,UK-RPI,Inflation Index Lag,List,"2, 3, 4, 5, 6, 7, 8, 9, 10, 11, 12",,
INF,EUR-EXT-CPI,Inflation Index Lag,List,"3, 4, 5, 6, 7, 8, 9, 10, 11, 12",,
INF,USA-CPI-U,Inflation Index Lag,List,"3, 4, 5, 6, 7, 8, 9, 10, 11, 12",,
INF,FRC-EXT-CPI,Inflation Index Lag,List,"3, 4, 5, 6, 7, 8, 9, 10, 11, 12",,
INF,ALL,Currencies,List,"GBP,USD,EUR",,
FRA,ALL,Currencies,List,"CHF,CZK,DKK,EUR,GBP,HUF,JPY,NOK,PLN,SEK,USD",,
IRS,ALL,Currencies,List,"AUD,CAD,CHF,CZK,DKK,EUR,GBP,HKD,HUF,JPY,NOK,NZD,PLN,SEK,SGD,USD,ZAR,MXN",,
OIS,ALL,Currencies,List,"CAD,CHF,GBP,EUR,JPY,USD,AUD",,
VNS,ALL,Currencies,List,"GBP,EUR,USD,AUD,CAD,JPY,NOK,PLN,SEK,CHF,CZK,DKK,HKD,HUF,MXN,NZD,SGD,ZAR",,
INF,UK-RPI,Inflation Interpolation Bad Lag,List,"2:linear",,
OISBASIS,ALL,Currencies,List,"GBP,USD",,
OISBASIS,ALL,Disabled,Boolean,"false",,
OISBASIS,GBP,Minimum Term,Integer,28,,
OISBASIS,GBP,Minimum Residual Term,Integer,2,,
OISBASIS,GBP,Maximum Residual Term,Integer,11375,,
OISBASIS,GBP,Maximum Notional,Double,99999999999.99,,
OISBASIS,GBP,Floating Leg Payment Frequency,List,"3M, 6M",,
OISBASIS,GBP,Floating Leg Index Tenor,List,"3M, 6M",,
OISBASIS,GBP,Fixing Lag,Integer,0,,
OISBASIS,GBP,Day Count Fraction,List,ACT/365.FIXED,,
OISBASIS,USD,Minimum Term,Integer,28,,
OISBASIS,USD,Minimum Residual Term,Integer,2,,
OISBASIS,USD,Maximum Residual Term,Integer,11375,,
OISBASIS,USD,Maximum Notional,Double,99999999999.99,,
OISBASIS,USD,Floating Leg Payment Frequency,List,"3M, 6M",,
OISBASIS,USD,Floating Leg Index Tenor,List,"3M, 6M",,
OISBASIS,USD,Day Count Fraction,List,ACT/360,,
OISBASIS,USD,Index List,List,"USD-LIBOR-BBA,USD-Federal Funds-H.15",,
OIS,CAD,Maximum Residual Term,Integer,850,01/01/2015,
OIS,CHF,Maximum Residual Term,Integer,850,01/01/2015,
OIS,GBP,Maximum Residual Term,Integer,11375,01/01/2015,
OIS,EUR,Maximum Residual Term,Integer,11375,01/01/2015,
OIS,JPY,Maximum Residual Term,Integer,11375,01/01/2015,
OIS,USD,Maximum Residual Term,Integer,11375,01/01/2015,
IRS,AUD,Maximum Residual Term,Integer,11375,01/01/2015,
IRS,CAD,Maximum Residual Term,Integer,11375,01/01/2015,
IRS,CHF,Maximum Residual Term,Integer,11375,01/01/2015,
IRS,CZK,Maximum Residual Term,Integer,3850,01/01/2015,
IRS,DKK,Maximum Residual Term,Integer,11375,01/01/2015,
IRS,EUR,Maximum Residual Term,Integer,18675,01/01/2015,
IRS,GBP,Maximum Residual Term,Integer,18675,01/01/2015,
IRS,HKD,Maximum Residual Term,Integer,3850,01/01/2015,
IRS,HUF,Maximum Residual Term,Integer,3850,01/01/2015,
IRS,JPY,Maximum Residual Term,Integer,15025,01/01/2015,
IRS,NOK,Maximum Residual Term,Integer,5700,01/01/2015,
IRS,NZD,Maximum Residual Term,Integer,5700,01/01/2015,
IRS,PLN,Maximum Residual Term,Integer,5700,01/01/2015,
IRS,SEK,Maximum Residual Term,Integer,11375,01/01/2015,
IRS,SGD,Maximum Residual Term,Integer,3850,01/01/2015,
IRS,USD,Maximum Residual Term,Integer,18675,01/01/2015,
IRS,ZAR,Maximum Residual Term,Integer,3850,01/01/2015,
FRA,CHF,Maximum Term,Integer,1225,01/01/2015,
FRA,CHF,Maximum Residual Term,Integer,1225,01/01/2015,
FRA,CZK,Maximum Term,Integer,1225,01/01/2015,
FRA,CZK,Maximum Residual Term,Integer,1225,01/01/2015,
FRA,DKK,Maximum Term,Integer,1225,01/01/2015,
FRA,DKK,Maximum Residual Term,Integer,1225,01/01/2015,
FRA,EUR,Maximum Term,Integer,1225,01/01/2015,
FRA,EUR,Maximum Residual Term,Integer,1225,01/01/2015,
FRA,GBP,Maximum Term,Integer,1225,01/01/2015,
FRA,GBP,Maximum Residual Term,Integer,1225,01/01/2015,
FRA,HUF,Maximum Term,Integer,1225,01/01/2015,
FRA,HUF,Maximum Residual Term,Integer,1225,01/01/2015,
FRA,JPY,Maximum Term,Integer,1225,01/01/2015,
FRA,JPY,Maximum Residual Term,Integer,1225,01/01/2015,
FRA,NOK,Maximum Term,Integer,1225,01/01/2015,
FRA,NOK,Maximum Residual Term,Integer,1225,01/01/2015,
FRA,PLN,Maximum Term,Integer,1225,01/01/2015,
FRA,PLN,Maximum Residual Term,Integer,1225,01/01/2015,
FRA,SEK,Maximum Term,Integer,1225,01/01/2015,
FRA,SEK,Maximum Residual Term,Integer,1225,01/01/2015,
FRA,USD,Maximum Term,Integer,1225,01/01/2015,
FRA,USD,Maximum Residual Term,Integer,1225,01/01/2015,
FRA,ALL,Floating Leg Day Count Fraction,List,"ACT/360,30E/360,30/360,ACT/365.FIXED,30E/360.ISDA,ACT/ACT.ISDA,ACT/ACT.ICMA",,
FRA,ALL,Fixed Leg Day Count Fraction,List,"ACT/360,30E/360,30/360,ACT/365.FIXED,30E/360.ISDA,ACT/ACT.ISDA,ACT/ACT.ICMA",,
#
IRS,MXN,Floating Leg Payment Frequency,List,"28D,4W,1T",,
IRS,MXN,Fixed Leg Payment Frequency,List,"28D,4W,1T",,
IRS,MXN,Maximum Notional,Double,99999999999.99,,
IRS,MXN,Minimum Term,Integer,28,,
#IRS,MXN,Maximum Term,
IRS,MXN,Maximum Residual Term,Integer,3850,,
IRS,MXN,Minimum Residual Term,Integer,3,,
IRS,MXN,Index List,List,MXN-TIIE-Banxico,,
IRS,MXN,Floating Leg Day Count Fraction,List,ACT/360,,
IRS,MXN,Fixed Leg Day Count Fraction,List,"ACT/360,30E/360,30/360,ACT/365.FIXED,30E/360.ISDA,ACT/ACT.ISDA,ACT/ACT.ICMA",,
IRS,MXN,Fixing Lag,Integer,-1,,
IRS,ALL,Floating Leg Day Count Fraction,List,"ACT/360,30E/360,30/360,ACT/365.FIXED,30E/360.ISDA,ACT/ACT.ISDA,ACT/ACT.ICMA",,
IRS,ALL,Fixed Leg Day Count Fraction,List,"ACT/360,30E/360,30/360,ACT/365.FIXED,30E/360.ISDA,ACT/ACT.ISDA,ACT/ACT.ICMA",,
