Name,Value,Version
SwapClear.DownloadURL,http://secure-area.lchclearnet.com/secure_area/secure/document.asp?file=23406,5.8.0
SwapClear.DownloadURL2,http://secure-area.lchclearnet.com/secure_area/secure/document.asp?file=23406,5.8.0
SwapClear.US.DownloadURL,http://secure-area.lchclearnet.com/secure_area/secure/document.asp?file=23406,5.8.0
SwapClear.IMMDataFile,immThresholdsMultipliers5.0.csv,5.8.0
SwapClear.US.IMMDataFile,immThresholdsMultipliers5.0-us.csv,5.8.0

IM.Methods,IM_BR;IMS;IMT;IMO;IMP;IMU_VAR;IMU_ES;IM_ES;LISTED_ALL;LISTED_IM;OTC_IM;LISTED_UVAR,5.8.0
IM.DefaultMethod,IM_BR,5.8.0
IM.VMSensitivityFileName,.*REP00103[^csOTS].*|.*REP00103c[^OTS].*|.*REP00103s[^OTS].*|.*REP00103cl[^OTS].*|.*REP00103cf[^OTS].*,5.8.0
IM.SensitivityFileName,.*REP00102[^csOTS].*|.*REP00102c[^OTS].*|.*REP00102s[^OTS].*|.*REP00102cl[^OTS].*|.*REP00102cf[^OTS].*,5.8.0
IM.IMCurvesSearchPattern,.*REP00079.*|.*REP00X79.*|.*REP00079Tenor.*|.*REP00X79Tenor.*,5.8.0
IM.VMCurvesSearchPattern,.*REP00100.*,5.8.0

LISTED_ALL.Description,LISTED_IM_AND_ADDONS,5.8.0
LISTED_ALL.ScenarioServiceName,REP00090,5.8.0
LISTED_ALL.FileSearchPattern,.*REP00090[^OTS].*,5.8.0
LISTED_ALL.IMCurvesFilter,STD,5.8.0
LISTED_ALL.NumScenarios,4,5.8.0
LISTED_ALL.IMM1,imm1,5.8.0
LISTED_ALL.IMM2,immfp,5.8.0
LISTED_ALL.Addons,LISTED_UVAR,5.8.0
LISTED_ALL.MethodologyType,ES,5.8.0
LISTED_ALL.ScenarioType,DEFAULT,5.8.0

LISTED_IM.Description,LISTED_IM,5.8.0
LISTED_IM.ScenarioServiceName,REP00090,5.8.0
LISTED_IM.FileSearchPattern,.*REP00090[^OTS].*,5.8.0
LISTED_IM.IMCurvesFilter,STD,5.8.0
LISTED_IM.NumScenarios,4,5.8.0
LISTED_IM.Addons,LISTED_UVAR,5.8.0
LISTED_IM.MethodologyType,ES,5.8.0
LISTED_IM.ScenarioType,DEFAULT,5.8.0

LISTED_UVAR.Description,IMU_VAR,5.8.0
LISTED_UVAR.ScenarioServiceName,REP00090U,5.8.0
LISTED_UVAR.VARPercent,1,5.8.0
LISTED_UVAR.ScenarioType,UNSCALED,5.8.0
LISTED_UVAR.MethodologyType,VAR,5.8.0

OTC_IM.Description,OTC_IM_ONLY,5.8.0
OTC_IM.ScenarioServiceName,REP00090,5.8.0
OTC_IM.FileSearchPattern,.*REP00090[^OTS].*,5.8.0
OTC_IM.IMCurvesFilter,STD,5.8.0
OTC_IM.NumScenarios,6,5.8.0
OTC_IM.Addons,IMP;IMO;IMT;IMS;IMU_VAR,5.8.0
OTC_IM.IMM1,imm1,5.8.0
OTC_IM.IMM2,immfp,5.8.0
OTC_IM.MethodologyType,VAR,5.8.0
OTC_IM.ScenarioType,DEFAULT,5.8.0

IMU_ES.Description,IMU_ES,5.8.0
IMU_ES.ScenarioServiceName,REP00090U,5.8.0
IMU_ES.NumScenarios,6,5.8.0
IMU_ES.ScenarioType,UNSCALED,5.8.0
IMU_ES.MethodologyType,ES,5.8.0

IMU_VAR.Description,IMU_VAR,5.8.0
IMU_VAR.ScenarioServiceName,REP00090U,5.8.0
IMU_VAR.VARPercent,0.5,5.8.0
IMU_VAR.ScenarioType,UNSCALED,5.8.0
IMU_VAR.MethodologyType,VAR,5.8.0

#STRESS_VAR.Description,STRESS_VAR,5.8.0
#STRESS_VAR.ScenarioServiceName,REP00090UStressVar,5.8.0
#STRESS_VAR.VARPercent,0,5.8.0
#STRESS_VAR.ScenarioType,STRESS,5.8.0
#STRESS_VAR.MethodologyType,VAR,5.8.0

IM_ES.Description,IM_ES,5.8.0
IM_ES.ScenarioServiceName,REP00090,5.8.0
IM_ES.FileSearchPattern,.*REP00090[^OTS].*,5.8.0
IM_ES.NumScenarios,6,5.8.0
IM_ES.NumScenarios,,5.8.0
IM_ES.ScenarioType,DEFAULT,5.8.0
IM_ES.MethodologyType,ES,5.8.0

IM_BR.Description,IM,5.8.0
IM_BR.ScenarioServiceName,REP00090,5.8.0
IM_BR.FileSearchPattern,.*REP00090[^OTS].*,5.8.0
IM_BR.IMCurvesFilter,STD,5.8.0
IM_BR.NumScenarios,6,5.8.0
IM_BR.Addons,IMP;IMO;IMT;IMS;IMU_VAR,5.8.0
IM_BR.PositionFileSearchPattern,Position_Statement_Report,5.8.0
IM_BR.IMM1,imm1,5.8.0
IM_BR.IMM2,immfp,5.8.0
IM_BR.ScenarioType,DEFAULT,5.8.0
IM_BR.MethodologyType,ES,5.8.0

IMP.Description,PureBasisRiskIM,5.8.0
IMP.ScenarioServiceName,REP00090Tenor,5.8.0
IMP.ScenarioStartDate,2007-12-21,5.8.0
IMP.FileSearchPattern,.*REP00090Tenor.*|.*REP00X90Tenor.*,5.8.0
IMP.IMCurvesFilter,STD,5.8.0
IMP.NumScenarios,4,5.8.0
IMP.IgnoreGammas,true,5.8.0

IMO.Description,OisRisk,5.8.0
IMO.ScenarioServiceName,REP00090Tenor,5.8.0
IMO.FileSearchPattern,.*REP00090Tenor.*|.*REP00X90Tenor.*,5.8.0
IMO.ScenarioStartDate,2007-12-21,5.8.0
IMO.IMCurvesFilter,STD_TENOR,5.8.0
IMO.NumScenarios,4,5.8.0
IMO.IgnoreGammas,true,5.8.0 
IMO.ScenarioType,DEFAULT,5.8.0
IMO.MethodologyType,ES,5.8.0

IMT.Description,TenorRisk,5.8.0
IMT.ScenarioServiceName,REP00090Tenor,5.8.0
IMT.FileSearchPattern,.*REP00090Tenor.*|.*REP00X90Tenor.*,5.8.0
IMT.ScenarioStartDate,2007-12-21,5.8.0
IMT.IMCurvesFilter,STD_TENOR,5.8.0
IMT.NumScenarios,4,5.8.0
IMT.IgnoreGammas,true,5.8.0 
IMT.ScenarioType,DEFAULT,5.8.0 
IMT.MethodologyType,ES,5.8.0

IMS.Description,SpreadRisk,5.8.0
IMS.ScenarioServiceName,REP00090Spread,5.8.0
IMS.FileSearchPattern,.*REP00090Spread.*|.*REP00X90Spread.*,5.8.0
IMS.ScenarioStartDate,2007-12-21,5.8.0
IMS.IMCurvesFilter,STD_SPREAD,5.8.0
IMS.NumScenarios,4,5.8.0
IMS.ScenarioType,DEFAULT,5.8.0 
IMS.MethodologyType,ES,5.8.0

MultiCurveCurrencyList,AUD:GBP:USD:JPY:EUR:CHF:CZK:DKK:HUF:NOK:PLN:SEK:CAD:HKD:SGD,5.8.0
BasisCurveCurrencyList,MXN,5.8.0
