product,id,currency,indexName,isdaName,index,isOIS,isLiborMaturityConvention,dayCountFraction,paymentLag,paymentCalendar,paymentDayConvention,fixingLag,fixingCalendar,fixingDayConvention,ScenarioCurveName,RateFixingIndex,PPSCalendar,PPSLag,rounding,startDelay,fixedPayFreq,floatPayFreq,fixedDayCountFraction,floatDayCountFraction,RollMethod,EOM,forwardCurve,discountCurve,fixedAccrualFreq,floatAccrualFreq
Sw,AUD1M-SWAPM,AUD,BBR,AUD-BBR-BBSW,BBSW,FALSE,FALSE,ACT/365.FIXED,0,AUSY,MODFOLLOWING,0,AUSY,PRECEDING,BBSW,AUD-BBR-BBSW,SWAP,2,20,0,3M,1M,ACT/365,ACT/365,simple,TRUE,AUD_BBSW_1M_EOD,AUD_AONIA_EOD,3M,1M
Sw,AUD3M-SWAPQ,AUD,BBR,AUD-BBR-BBSW,BBSW,FALSE,FALSE,ACT/365.FIXED,0,AUSY,MODFOLLOWING,0,AUSY,PRECEDING,BBSW,AUD-BBR-BBSW,SWAP,2,20,0,3M,3M,ACT/365,ACT/365,simple,TRUE,AUD_BBSW_3M_EOD,AUD_AONIA_EOD,3M,3M
Sw,AUD6M-SWAPS,AUD,BBR,AUD-BBR-BBSW,BBSW,FALSE,FALSE,ACT/365.FIXED,0,AUSY,MODFOLLOWING,0,AUSY,PRECEDING,BBSW,AUD-BBR-BBSW,SWAP,2,20,0,6M,6M,ACT/365,ACT/365,simple,TRUE,AUD_BBSW_6M_EOD,AUD_AONIA_EOD,6M,6M
Sw,AUDOIS-SWAPA,AUD,AONIA,AUD-AONIA-OIS-COMPOUND,AONIA,TRUE,FALSE,ACT/365.FIXED,0,AUSY,MODFOLLOWING,0,AUSY,PRECEDING,AONIA,AUD-AONIA-OIS-COMPOUND,SWAP,2,20,1,1Y,1Y,ACT/365,ACT/365,simple,TRUE,AUD_AONIA_EOD,AUD_AONIA_EOD,1Y,1Y
Sw,AUDSTD-SWAPS,AUD,BBR,AUD-BBR-BBSW,BBSW,FALSE,FALSE,ACT/365.FIXED,0,AUSY,MODFOLLOWING,0,AUSY,PRECEDING,BBSW,AUD-BBR-BBSW,SWAP,2,20,0,3M,1M,ACT/365,ACT/365,simple,TRUE,AUD_BBSW_EOD,AUD_BBSW_EOD,3M,1M
Sw,CAD1M-SWAP,CAD,CDOR,CAD-BA-CDOR,CDOR,FALSE,FALSE,ACT/365.FIXED,0,CATO,MODFOLLOWING,0,CATO,PRECEDING,CDOR,CAD-BA-CDOR,SWAP,2,20,0,6M,1M,ACT/365,ACT/365,simple,TRUE,CAD_CDOR_1M_EOD,CAD_CORRA_EOD,6M,1M
#Sw,CAD1M-SWAP,CAD,CDOR,CAD-BA-CDOR,CDOR,FALSE,FALSE,ACT/365.FIXED,0,CATO,MODFOLLOWING,0,CATO,PRECEDING,CDOR,CAD-BA-CDOR,SWAP,2,20,0,6M,1M,ACT/365,ACT/365,simple,TRUE,CAD_CDOR_1M_EOD,CAD_CORRA_EOD,6M,1M
Sw,CAD3M-SWAP,CAD,CDOR,CAD-BA-CDOR,CDOR,FALSE,FALSE,ACT/365.FIXED,0,CATO,MODFOLLOWING,0,CATO,PRECEDING,CDOR,CAD-BA-CDOR,SWAP,2,20,0,6M,3M,ACT/365,ACT/365,simple,TRUE,CAD_CDOR_3M_EOD,CAD_CORRA_EOD,6M,3M
Sw,CADOIS-SWAPA,CAD,CORRA,CAD-CORRA-OIS-COMPOUND,OIS-COMPOUND,TRUE,FALSE,ACT/365.FIXED,0,CATO,MODFOLLOWING,0,CATO,PRECEDING,CORRA,CAD-CORRA-OIS-COMPOUND,SWAP,2,20,1,1Y,1Y,ACT/365,ACT/365,simple,TRUE,CAD_CORRA_EOD,CAD_CORRA_EOD,1Y,1Y
Sw,CADSTD-SWAP,CAD,CDOR,CAD-BA-CDOR,CDOR,FALSE,FALSE,ACT/365.FIXED,0,CATO,MODFOLLOWING,0,CATO,PRECEDING,CDOR,CAD-BA-CDOR,SWAP,2,20,0,6M,6M,ACT/365,ACT/365,simple,TRUE,CAD_CDOR_EOD,CAD_CDOR_EOD,6M,6M
Sw,CHF12M-SWAP,CHF,LIBOR,CHF-LIBOR-BBA,BBA,FALSE,FALSE,ACT/360,0,CHZU,MODFOLLOWING,-2,CHZU,MODFOLLOWING,LIBOR,CHF-LIBOR-BBA,SWAP,2,20,2,1Y,1Y,30/360,ACT/360,simple,TRUE,CHF_LIBOR_12M_EOD,CHF_TOIS_EOD,1Y,1Y
Sw,CHF1M-SWAP,CHF,LIBOR,CHF-LIBOR-BBA,BBA,FALSE,FALSE,ACT/360,0,CHZU,MODFOLLOWING,-2,CHZU,MODFOLLOWING,LIBOR,CHF-LIBOR-BBA,SWAP,2,20,2,1Y,1M,30/360,ACT/360,simple,TRUE,CHF_LIBOR_1M_EOD,CHF_LIBOR_1M_EOD,1Y,1M
Sw,CHF3M-SWAP,CHF,LIBOR,CHF-LIBOR-BBA,BBA,FALSE,FALSE,ACT/360,0,CHZU,MODFOLLOWING,-2,CHZU,MODFOLLOWING,LIBOR,CHF-LIBOR-BBA,SWAP,2,20,2,1Y,3M,30/360,ACT/360,simple,TRUE,CHF_LIBOR_3M_EOD,CHF_TOIS_EOD,1Y,3M
Sw,CHF6M-SWAP,CHF,LIBOR,CHF-LIBOR-BBA,BBA,FALSE,FALSE,ACT/360,0,CHZU,MODFOLLOWING,-2,CHZU,MODFOLLOWING,LIBOR,CHF-LIBOR-BBA,SWAP,2,20,2,1Y,6M,30/360,ACT/360,simple,TRUE,CHF_LIBOR_6M_EOD,CHF_TOIS_EOD,1Y,6M
Sw,CHFOIS-SWAP,CHF,TOIS,CHF-TOIS-OIS-COMPOUND,OIS-COMPOUND,TRUE,FALSE,ACT/360,0,CHZU,MODFOLLOWING,0,CHZU,PRECEDING,TOIS,CHF-TOIS-OIS-COMPOUND,SWAP,2,20,2,1Y,6M,ACT/360,ACT/360,simple,TRUE,CHF_TOIS_EOD,CHF_TOIS_EOD,1Y,6M
Sw,CHFSTD-SWAP,CHF,LIBOR,CHF-LIBOR-BBA,BBA,FALSE,FALSE,ACT/360,0,CHZU,MODFOLLOWING,-2,CHZU,MODFOLLOWING,LIBOR,CHF-LIBOR-BBA,SWAP,2,20,2,1Y,1M,30/360,ACT/360,simple,TRUE,CHF_LIBOR_EOD,CHF_LIBOR_EOD,1Y,1M
#Sw,CZK1M-SWAP,CZK,PRIBOR,CZK-PRIBOR-PRBO,PRBO,FALSE,FALSE,ACT/360,0,CZPR,MODFOLLOWING,-2,CZPR,NONE,PRIBOR,CZK-PRIBOR-PRBO,SWAP,2,20,2,1Y,1M,ACT/360,ACT/360,simple,TRUE,CZK_PRIBOR_1M_EOD,CZK_PRIBOR_EOD,1Y,1M
Sw,CZK3M-SWAP,CZK,PRIBOR,CZK-PRIBOR-PRBO,PRBO,FALSE,FALSE,ACT/360,0,CZPR,MODFOLLOWING,-2,CZPR,NONE,PRIBOR,CZK-PRIBOR-PRBO,SWAP,2,20,2,1Y,3M,ACT/360,ACT/360,simple,TRUE,CZK_PRIBOR_3M_EOD,CZK_PRIBOR_EOD,1Y,3M
Sw,CZK6M-SWAP,CZK,PRIBOR,CZK-PRIBOR-PRBO,PRBO,FALSE,FALSE,ACT/360,0,CZPR,MODFOLLOWING,-2,CZPR,NONE,PRIBOR,CZK-PRIBOR-PRBO,SWAP,2,20,2,1Y,6M,ACT/360,ACT/360,simple,TRUE,CZK_PRIBOR_6M_EOD,CZK_PRIBOR_EOD,1Y,6M
Sw,CZKSTD-SWAP,CZK,PRIBOR,CZK-PRIBOR-PRBO,PRBO,FALSE,FALSE,ACT/360,0,CZPR,MODFOLLOWING,-2,CZPR,NONE,PRIBOR,CZK-PRIBOR-PRBO,SWAP,2,20,2,1Y,6M,ACT/360,ACT/360,simple,TRUE,CZK_PRIBOR_EOD,CZK_PRIBOR_EOD,1Y,6M
#Sw,DKK12M-SWAP,DKK,CIBOR,DKK-CIBOR2-DKNA13,DKNA13,FALSE,FALSE,ACT/360,0,DKCO,MODFOLLOWING,-2,DKCO,MODFOLLOWING,CIBOR,DKK-CIBOR2-DKNA13,SWAP,2,20,2,1Y,1Y,30/360,ACT/360,simple,TRUE,DKK_CIBOR_12M_EOD,DKK_CIBOR_EOD,1Y,1Y
#Sw,DKK1M-SWAP,DKK,CIBOR,DKK-CIBOR2-DKNA13,DKNA13,FALSE,FALSE,ACT/360,0,DKCO,MODFOLLOWING,-2,DKCO,MODFOLLOWING,CIBOR,DKK-CIBOR2-DKNA13,SWAP,2,20,2,1Y,1M,30/360,ACT/360,simple,TRUE,DKK_CIBOR_1M_EOD,DKK_CIBOR_EOD,1Y,1M
Sw,DKK3M-SWAP,DKK,CIBOR,DKK-CIBOR2-DKNA13,DKNA13,FALSE,FALSE,ACT/360,0,DKCO,MODFOLLOWING,-2,DKCO,MODFOLLOWING,CIBOR,DKK-CIBOR2-DKNA13,SWAP,2,20,2,1Y,3M,30/360,ACT/360,simple,TRUE,DKK_CIBOR_3M_EOD,DKK_CIBOR_EOD,1Y,3M
Sw,DKK6M-SWAP,DKK,CIBOR,DKK-CIBOR2-DKNA13,DKNA13,FALSE,FALSE,ACT/360,0,DKCO,MODFOLLOWING,-2,DKCO,MODFOLLOWING,CIBOR,DKK-CIBOR2-DKNA13,SWAP,2,20,2,1Y,6M,30/360,ACT/360,simple,TRUE,DKK_CIBOR_6M_EOD,DKK_CIBOR_EOD,1Y,6M
Sw,DKKSTD-SWAP,DKK,CIBOR,DKK-CIBOR2-DKNA13,DKNA13,FALSE,FALSE,ACT/360,0,DKCO,MODFOLLOWING,-2,DKCO,MODFOLLOWING,CIBOR,DKK-CIBOR2-DKNA13,SWAP,2,20,2,1Y,6M,30/360,ACT/360,simple,TRUE,DKK_CIBOR_EOD,DKK_CIBOR_EOD,1Y,6M
Sw,EUR12M-SWAP,EUR,EURIBOR,EUR-EURIBOR-Reuters,Reuters,FALSE,FALSE,ACT/360,0,EUTA,MODFOLLOWING,-2,EUTA,MODFOLLOWING,EURIBOR,EUR-EURIBOR-Reuters,SWAP,2,20,2,1Y,1Y,30/360,ACT/360,simple,TRUE,EUR_EURIBOR_12M_EOD,EUR_EONIA_EOD,1Y,1Y
Sw,EUR1M-SWAP,EUR,EURIBOR,EUR-EURIBOR-Reuters,Reuters,FALSE,FALSE,ACT/360,0,EUTA,MODFOLLOWING,-2,EUTA,MODFOLLOWING,EURIBOR,EUR-EURIBOR-Reuters,SWAP,2,20,2,1Y,1M,ACT/360,ACT/360,simple,TRUE,EUR_EURIBOR_1M_EOD,EUR_EONIA_EOD,1Y,1M
Sw,EUR3M-SWAP,EUR,EURIBOR,EUR-EURIBOR-Reuters,Reuters,FALSE,FALSE,ACT/360,0,EUTA,MODFOLLOWING,-2,EUTA,MODFOLLOWING,EURIBOR,EUR-EURIBOR-Reuters,SWAP,2,20,2,1Y,3M,30/360,ACT/360,simple,TRUE,EUR_EURIBOR_3M_EOD,EUR_EONIA_EOD,1Y,3M
Sw,EUR6M-SWAP,EUR,EURIBOR,EUR-EURIBOR-Reuters,Reuters,FALSE,FALSE,ACT/360,0,EUTA,MODFOLLOWING,-2,EUTA,MODFOLLOWING,EURIBOR,EUR-EURIBOR-Reuters,SWAP,2,20,2,1Y,6M,30/360,ACT/360,simple,TRUE,EUR_EURIBOR_6M_EOD,EUR_EONIA_EOD,1Y,6M
Sw,EUROIS-SWAP,EUR,EONIA,EUR-EONIA-OIS-COMPOUND,EONIA,TRUE,FALSE,ACT/360,0,EUTA,MODFOLLOWING,0,EUTA,PRECEDING,EONIA,EUR-EONIA-OIS-COMPOUND,SWAP,2,20,2,1Y,6M,ACT/360,ACT/360,simple,TRUE,EUR_EONIA_EOD,EUR_EONIA_EOD,1Y,6M
Sw,EURSTD-SWAP,EUR,EURIBOR,EUR-EURIBOR-Reuters,Reuters,FALSE,FALSE,ACT/360,0,EUTA,MODFOLLOWING,-2,EUTA,MODFOLLOWING,EURIBOR,EUR-EURIBOR-Reuters,SWAP,2,20,2,1Y,2M,30/360,ACT/360,simple,TRUE,EUR_EURIBOR_EOD,EUR_EURIBOR_EOD,1Y,2M
Sw,EURSTIR-SWAP,EUR,STIR-FUT,EUR-STIR-FUT,Reuters,FALSE,FALSE,ACT/360,0,EUTA,MODFOLLOWING,-2,EUTA,MODFOLLOWING,EURIBOR,EUR-EURIBOR-Reuters,SWAP,2,20,2,1Y,3M,30/360,ACT/360,simple,TRUE,EUR_STIR-FUT_EOD,EUR_STIR-FUT_EOD,1Y,3M
Sw,GBP12M-SWAP,GBP,LIBOR,GBP-LIBOR-BBA,BBA,FALSE,FALSE,ACT/365.FIXED,0,GBLO,MODFOLLOWING,0,GBLO,PRECEDING,LIBOR,GBP-LIBOR-BBA,SWAP,2,20,0,6M,1Y,ACT/365,ACT/365,simple,TRUE,GBP_LIBOR_12M_EOD,GBP_SONIA_EOD,6M,1Y
Sw,GBP1M-SWAP,GBP,LIBOR,GBP-LIBOR-BBA,BBA,FALSE,FALSE,ACT/365.FIXED,0,GBLO,MODFOLLOWING,0,GBLO,PRECEDING,LIBOR,GBP-LIBOR-BBA,SWAP,2,20,0,6M,1M,ACT/365,ACT/365,simple,TRUE,GBP_LIBOR_1M_EOD,GBP_SONIA_EOD,6M,1M
Sw,GBP3M-SWAP,GBP,LIBOR,GBP-LIBOR-BBA,BBA,FALSE,FALSE,ACT/365.FIXED,0,GBLO,MODFOLLOWING,0,GBLO,PRECEDING,LIBOR,GBP-LIBOR-BBA,SWAP,2,20,0,6M,3M,ACT/365,ACT/365,simple,TRUE,GBP_LIBOR_3M_EOD,GBP_SONIA_EOD,6M,3M
Sw,GBP6M-SWAP,GBP,LIBOR,GBP-LIBOR-BBA,BBA,FALSE,FALSE,ACT/365.FIXED,0,GBLO,MODFOLLOWING,0,GBLO,PRECEDING,LIBOR,GBP-LIBOR-BBA,SWAP,2,20,0,6M,6M,ACT/365,ACT/365,simple,TRUE,GBP_LIBOR_6M_EOD,GBP_SONIA_EOD,6M,6M
Sw,GBPOIS-SWAPA,GBP,SONIA,GBP-WMBA-SONIA-COMPOUND,WMBA-COMPOUND,TRUE,FALSE,ACT/365.FIXED,0,GBLO,MODFOLLOWING,0,GBLO,PRECEDING,SONIA,GBP-WMBA-SONIA-COMPOUND,SWAP,2,20,0,1Y,1Y,ACT/365,ACT/365,simple,TRUE,GBP_SONIA_EOD,GBP_SONIA_EOD,1Y,1Y
Sw,GBPSTD-SWAP,GBP,LIBOR,GBP-LIBOR-BBA,BBA,FALSE,FALSE,ACT/365.FIXED,0,GBLO,MODFOLLOWING,0,GBLO,PRECEDING,LIBOR,GBP-LIBOR-BBA,SWAP,2,20,0,1Y,2M,ACT/365,ACT/365,simple,TRUE,GBP_LIBOR_EOD,GBP_LIBOR_EOD,1Y,2M
Sw,GBPSTIR-SWAP,GBP,STIR-FUT,GBP-STIR-FUT,BBA,FALSE,FALSE,ACT/365.FIXED,0,GBLO,MODFOLLOWING,0,GBLO,PRECEDING,LIBOR,GBP-LIBOR-BBA,SWAP,2,20,0,6M,3M,ACT/365,ACT/365,simple,TRUE,GBP_STIR-FUT_EOD,GBP_STIR-FUT_EOD,6M,3M
Sw,HKD1M-SWAP,HKD,HIBOR,HKD-HIBOR-HIBOR=,HIBOR,FALSE,FALSE,ACT/365.FIXED,0,HKHK,MODFOLLOWING,0,HKHK,PRECEDING,HIBOR,HKD-HIBOR-HIBOR,SWAP,2,20,0,3M,1M,ACT/365,ACT/365,simple,TRUE,HKD_HIBOR_1M_EOD,HKD_HIBOR_EOD,3M,1M
Sw,HKD3M-SWAP,HKD,HIBOR,HKD-HIBOR-HIBOR=,HIBOR,FALSE,FALSE,ACT/365.FIXED,0,HKHK,MODFOLLOWING,0,HKHK,PRECEDING,HIBOR,HKD-HIBOR-HIBOR,SWAP,2,20,0,3M,3M,ACT/365,ACT/365,simple,TRUE,HKD_HIBOR_3M_EOD,HKD_HIBOR_EOD,3M,3M
Sw,HKD6M-SWAP,HKD,HIBOR,HKD-HIBOR-HIBOR=,HIBOR,FALSE,FALSE,ACT/365.FIXED,0,HKHK,MODFOLLOWING,0,HKHK,PRECEDING,HIBOR,HKD-HIBOR-HIBOR,SWAP,2,20,0,3M,6M,ACT/365,ACT/365,simple,TRUE,HKD_HIBOR_6M_EOD,HKD_HIBOR_EOD,3M,6M
Sw,HKDSTD-SWAP,HKD,HIBOR,HKD-HIBOR-HIBOR=,HIBOR,FALSE,FALSE,ACT/365.FIXED,0,HKHK,MODFOLLOWING,0,HKHK,PRECEDING,HIBOR,HKD-HIBOR-HIBOR,SWAP,2,20,0,3M,3M,ACT/365,ACT/365,simple,TRUE,HKD_HIBOR_EOD,HKD_HIBOR_EOD,3M,3M
#Sw,HUF1M-SWAP,HUF,BUBOR,HUF-BUBOR-Reuters,BUBOR,FALSE,FALSE,ACT/360,0,HUBU,MODFOLLOWING,-2,HUBU,NONE,BUBOR,HUF-BUBOR-Reuters,SWAP,2,20,2,1Y,1M,ACT/365,ACT/360,simple,TRUE,HUF_BUBOR_1M_EOD,HUF_BUBOR_EOD,1Y,1M
Sw,HUF3M-SWAP,HUF,BUBOR,HUF-BUBOR-Reuters,BUBOR,FALSE,FALSE,ACT/360,0,HUBU,MODFOLLOWING,-2,HUBU,NONE,BUBOR,HUF-BUBOR-Reuters,SWAP,2,20,2,1Y,3M,ACT/365,ACT/360,simple,TRUE,HUF_BUBOR_3M_EOD,HUF_BUBOR_EOD,1Y,3M
Sw,HUF6M-SWAP,HUF,BUBOR,HUF-BUBOR-Reuters,BUBOR,FALSE,FALSE,ACT/360,0,HUBU,MODFOLLOWING,-2,HUBU,NONE,BUBOR,HUF-BUBOR-Reuters,SWAP,2,20,2,1Y,6M,ACT/365,ACT/360,simple,TRUE,HUF_BUBOR_6M_EOD,HUF_BUBOR_EOD,1Y,6M
Sw,HUFSTD-SWAP,HUF,BUBOR,HUF-BUBOR-Reuters,BUBOR,FALSE,FALSE,ACT/360,0,HUBU,MODFOLLOWING,-2,HUBU,NONE,BUBOR,HUF-BUBOR-Reuters,SWAP,2,20,2,1Y,6M,ACT/365,ACT/360,simple,TRUE,HUF_BUBOR_EOD,HUF_BUBOR_EOD,1Y,6M
#Sw,JPY12M-SWAP,JPY,LIBOR,JPY-LIBOR-BBA,BBA,FALSE,FALSE,ACT/360,0,JPTO,MODFOLLOWING,-2,JPTO,MODFOLLOWING,LIBOR,JPY-LIBOR-BBA,SWAP,2,20,2,6M,1Y,ACT/365,ACT/360,simple,TRUE,JPY_LIBOR_12M_EOD,JPY_TONA_EOD,6M,1Y
Sw,JPY1M-SWAP,JPY,LIBOR,JPY-LIBOR-BBA,BBA,FALSE,FALSE,ACT/360,0,JPTO,MODFOLLOWING,-2,JPTO,MODFOLLOWING,LIBOR,JPY-LIBOR-BBA,SWAP,2,20,2,6M,1M,ACT/365,ACT/360,simple,TRUE,JPY_LIBOR_1M_EOD,JPY_TONA_EOD,6M,1M
Sw,JPY3M-SWAP,JPY,LIBOR,JPY-LIBOR-BBA,BBA,FALSE,FALSE,ACT/360,0,JPTO,MODFOLLOWING,-2,JPTO,MODFOLLOWING,LIBOR,JPY-LIBOR-BBA,SWAP,2,20,2,6M,3M,ACT/365,ACT/360,simple,TRUE,JPY_LIBOR_3M_EOD,JPY_TONA_EOD,6M,3M
Sw,JPY6M-SWAP,JPY,LIBOR,JPY-LIBOR-BBA,BBA,FALSE,FALSE,ACT/360,0,JPTO,MODFOLLOWING,-2,JPTO,MODFOLLOWING,LIBOR,JPY-LIBOR-BBA,SWAP,2,20,2,6M,6M,ACT/365,ACT/360,simple,TRUE,JPY_LIBOR_6M_EOD,JPY_TONA_EOD,6M,6M
Sw,JPYOIS-SWAP,JPY,TONA,JPY-TONA-OIS-COMPOUND,OIS-COMPOUND,TRUE,FALSE,ACT/365.FIXED,0,JPTO,MODFOLLOWING,0,JPTO,PRECEDING,TONA,JPY-TONA-OIS-COMPOUND,SWAP,2,20,2,1Y,1Y,ACT/365,ACT/365,simple,TRUE,JPY_TONA_EOD,JPY_TONA_EOD,1Y,1Y
Sw,JPYSTD-SWAP,JPY,LIBOR,JPY-LIBOR-BBA,BBA,FALSE,FALSE,ACT/360,0,JPTO,MODFOLLOWING,-2,JPTO,MODFOLLOWING,LIBOR,JPY-LIBOR-BBA,SWAP,2,20,2,1Y,2M,ACT/365,ACT/360,simple,TRUE,JPY_LIBOR_EOD,JPY_LIBOR_EOD,1Y,2M
Sw,MXN-TIIE-28D,MXN,TIIE,MXN-TIIE-Banxico,BANXICO,FALSE,FALSE,ACT/360,0,MXMC,FOLLOWING,-1,MXMC,FOLLOWING,TIIE,MXN-TIIE-Banxico,SWAP,2,6,1,28D,28D,ACT/360,ACT/360,simple,TRUE,MXN_TIIE_EOD,MXN_TIIE_EOD,28D,28D
Sw,MXN-USDMXNBASIS,MXN,USDMXNBASIS,MXN-USDMXNBASIS,BANXICO,FALSE,FALSE,ACT/360,0,MXMC,FOLLOWING,-1,MXMC,FOLLOWING,USDMXNBASIS,MXN-TIIE-Banxico,SWAP,2,6,1,28D,28D,ACT/360,ACT/360,simple,TRUE,MXN_USDMXNBASIS_EOD,MXN_USDMXNBASIS_EOD,28D,28D
#Sw,NOK12M-SWAP,NOK,NIBOR,NOK-NIBOR-NIBR,NIBR,FALSE,FALSE,ACT/360,0,NOOS,MODFOLLOWING,-2,NOOS,MODFOLLOWING,NIBOR,NOK-NIBOR-NIBR,SWAP,2,20,2,1Y,1Y,30/360,ACT/360,simple,TRUE,NOK_NIBOR_12M_EOD,NOK_NIBOR_EOD,1Y,1Y
#Sw,NOK1M-SWAP,NOK,NIBOR,NOK-NIBOR-NIBR,NIBR,FALSE,FALSE,ACT/360,0,NOOS,MODFOLLOWING,-2,NOOS,MODFOLLOWING,NIBOR,NOK-NIBOR-NIBR,SWAP,2,20,2,1Y,1M,30/360,ACT/360,simple,TRUE,NOK_NIBOR_1M_EOD,NOK_NIBOR_EOD,1Y,1M
Sw,NOK3M-SWAP,NOK,NIBOR,NOK-NIBOR-NIBR,NIBR,FALSE,FALSE,ACT/360,0,NOOS,MODFOLLOWING,-2,NOOS,MODFOLLOWING,NIBOR,NOK-NIBOR-NIBR,SWAP,2,20,2,1Y,3M,30/360,ACT/360,simple,TRUE,NOK_NIBOR_3M_EOD,NOK_NIBOR_EOD,1Y,3M
Sw,NOK6M-SWAP,NOK,NIBOR,NOK-NIBOR-NIBR,NIBR,FALSE,FALSE,ACT/360,0,NOOS,MODFOLLOWING,-2,NOOS,MODFOLLOWING,NIBOR,NOK-NIBOR-NIBR,SWAP,2,20,2,1Y,6M,30/360,ACT/360,simple,TRUE,NOK_NIBOR_6M_EOD,NOK_NIBOR_EOD,1Y,6M
Sw,NOKSTD-SWAP,NOK,NIBOR,NOK-NIBOR-NIBR,NIBR,FALSE,FALSE,ACT/360,0,NOOS,MODFOLLOWING,-2,NOOS,MODFOLLOWING,NIBOR,NOK-NIBOR-NIBR,SWAP,2,20,2,1Y,6M,30/360,ACT/360,simple,TRUE,NOK_NIBOR_EOD,NOK_NIBOR_EOD,1Y,6M
#Sw,NZD1M-SWAP,NZD,BBR,NZD-BBR-FRA,FRA,FALSE,FALSE,ACT/365.FIXED,0,NZWE,MODFOLLOWING,0,NZWE,PRECEDING,BBR,NZD-BBR-FRA,SWAP,2,20,0,6M,1M,ACT/365,ACT/365,simple,TRUE,NZD_BKBM_1M_EOD,NZD_BKBM_EOD,6M,1M
#Sw,NZD3M-SWAP,NZD,BBR,NZD-BBR-FRA,FRA,FALSE,FALSE,ACT/365.FIXED,0,NZWE,MODFOLLOWING,0,NZWE,PRECEDING,BBR,NZD-BBR-FRA,SWAP,2,20,0,6M,3M,ACT/365,ACT/365,simple,TRUE,NZD_BKBM_3M_EOD,NZD_BKBM_EOD,6M,3M
#Sw,NZD6M-SWAP,NZD,BBR,NZD-BBR-FRA,FRA,FALSE,FALSE,ACT/365.FIXED,0,NZWE,MODFOLLOWING,0,NZWE,PRECEDING,BBR,NZD-BBR-FRA,SWAP,2,20,0,6M,6M,ACT/365,ACT/365,simple,TRUE,NZD_BKBM_6M_EOD,NZD_BKBM_EOD,6M,6M
Sw,NZDSTD-SWAP,NZD,BBR,NZD-BBR-FRA,FRA,FALSE,FALSE,ACT/365.FIXED,0,NZWE,MODFOLLOWING,0,NZWE,PRECEDING,BBR,NZD-BBR-FRA,SWAP,2,20,0,6M,3M,ACT/365,ACT/365,simple,TRUE,NZD_BKBM_EOD,NZD_BKBM_EOD,6M,3M
Sw,PLN1M-SWAP,PLN,WIBOR,PLN-WIBOR-WIBO,WIBO,FALSE,FALSE,ACT/ACT.ISDA,0,PLWA,MODFOLLOWING,-2,PLWA,NONE,WIBOR,PLN-WIBOR-WIBO,SWAP,2,20,2,1Y,1M,ACT/ACT,ACT/365,simple,TRUE,PLN_WIBOR_1M_EOD,PLN_WIBOR_EOD,1Y,1M
Sw,PLN3M-SWAP,PLN,WIBOR,PLN-WIBOR-WIBO,WIBO,FALSE,FALSE,ACT/365.FIXED,0,PLWA,MODFOLLOWING,-2,PLWA,NONE,WIBOR,PLN-WIBOR-WIBO,SWAP,2,20,2,1Y,3M,ACT/365,ACT/365,simple,TRUE,PLN_WIBOR_3M_EOD,PLN_WIBOR_EOD,1Y,3M
Sw,PLN6M-SWAP,PLN,WIBOR,PLN-WIBOR-WIBO,WIBO,FALSE,FALSE,ACT/ACT.ISDA,0,PLWA,MODFOLLOWING,-2,PLWA,NONE,WIBOR,PLN-WIBOR-WIBO,SWAP,2,20,2,1Y,6M,ACT/ACT,ACT/365,simple,TRUE,PLN_WIBOR_6M_EOD,PLN_WIBOR_EOD,1Y,6M
Sw,PLNSTD-SWAP,PLN,WIBOR,PLN-WIBOR-WIBO,WIBO,FALSE,FALSE,ACT/ACT.ISDA,0,PLWA,MODFOLLOWING,-2,PLWA,NONE,WIBOR,PLN-WIBOR-WIBO,SWAP,2,20,2,1Y,6M,ACT/ACT,ACT/365,simple,TRUE,PLN_WIBOR_EOD,PLN_WIBOR_EOD,1Y,6M
#Sw,SEK12M-SWAP,SEK,STIBOR,SEK-STIBOR-SIDE,SIDE,FALSE,FALSE,ACT/360,0,SEST,MODFOLLOWING,-2,SEST,MODFOLLOWING,STIBOR,SEK-STIBOR-SIDE,SWAP,2,20,2,1Y,1Y,30/360,ACT/360,simple,TRUE,SEK_STIBOR_12M_EOD,SEK_STIBOR_EOD,1Y,1Y
#Sw,SEK1M-SWAP,SEK,STIBOR,SEK-STIBOR-SIDE,SIDE,FALSE,FALSE,ACT/360,0,SEST,MODFOLLOWING,-2,SEST,MODFOLLOWING,STIBOR,SEK-STIBOR-SIDE,SWAP,2,20,2,1Y,1M,30/360,ACT/360,simple,TRUE,SEK_STIBOR_1M_EOD,SEK_STIBOR_EOD,1Y,1M
Sw,SEK3M-SWAP,SEK,STIBOR,SEK-STIBOR-SIDE,SIDE,FALSE,FALSE,ACT/360,0,SEST,MODFOLLOWING,-2,SEST,MODFOLLOWING,STIBOR,SEK-STIBOR-SIDE,SWAP,2,20,2,1Y,3M,30/360,ACT/360,simple,TRUE,SEK_STIBOR_3M_EOD,SEK_STIBOR_EOD,1Y,3M
Sw,SEK6M-SWAP,SEK,STIBOR,SEK-STIBOR-SIDE,SIDE,FALSE,FALSE,ACT/360,0,SEST,MODFOLLOWING,-2,SEST,MODFOLLOWING,STIBOR,SEK-STIBOR-SIDE,SWAP,2,20,2,1Y,6M,30/360,ACT/360,simple,TRUE,SEK_STIBOR_6M_EOD,SEK_STIBOR_EOD,1Y,6M
Sw,SEKSTD-SWAP,SEK,STIBOR,SEK-STIBOR-SIDE,SIDE,FALSE,FALSE,ACT/360,0,SEST,MODFOLLOWING,-2,SEST,MODFOLLOWING,STIBOR,SEK-STIBOR-SIDE,SWAP,2,20,2,1Y,3M,30/360,ACT/360,simple,TRUE,SEK_STIBOR_EOD,SEK_STIBOR_EOD,1Y,3M
#Sw,SGD1M-SWAP,SGD,SOR,SGD-SOR-Reuters,Reuters,FALSE,FALSE,ACT/365.FIXED,0,SGSI,MODFOLLOWING,-2,SGSI,NONE,SOR,SGD-SOR-Reuters,SWAP,2,20,2,6M,1M,ACT/365,ACT/365,simple,TRUE,SGD_SOR_1M_EOD,SGD_SOR_EOD,6M,1M
Sw,SGD3M-SWAP,SGD,SOR,SGD-SOR-Reuters,Reuters,FALSE,FALSE,ACT/365.FIXED,0,SGSI,MODFOLLOWING,-2,SGSI,NONE,SOR,SGD-SOR-Reuters,SWAP,2,20,2,6M,3M,ACT/365,ACT/365,simple,TRUE,SGD_SOR_3M_EOD,SGD_SOR_EOD,6M,3M
Sw,SGD6M-SWAP,SGD,SOR,SGD-SOR-Reuters,Reuters,FALSE,FALSE,ACT/365.FIXED,0,SGSI,MODFOLLOWING,-2,SGSI,NONE,SOR,SGD-SOR-Reuters,SWAP,2,20,2,6M,6M,ACT/365,ACT/365,simple,TRUE,SGD_SOR_6M_EOD,SGD_SOR_EOD,6M,6M
Sw,SGDSTD-SWAP,SGD,SOR,SGD-SOR-Reuters,Reuters,FALSE,FALSE,ACT/365.FIXED,0,SGSI,MODFOLLOWING,-2,SGSI,NONE,SOR,SGD-SOR-Reuters,SWAP,2,20,2,6M,6M,ACT/365,ACT/365,simple,TRUE,SGD_SOR_EOD,SGD_SOR_EOD,6M,6M
Sw,USD12M-SWAP,USD,LIBOR,USD-LIBOR-BBA,BBA,FALSE,FALSE,ACT/360,0,USNY,MODFOLLOWING,-2,GBLO,MODFOLLOWING,LIBOR,USD-LIBOR-BBA,SWAP,2,20,2,1Y,1Y,ACT/360,ACT/360,simple,TRUE,USD_LIBOR_12M_EOD,USD_FEDFUND_EOD,1Y,1Y
Sw,USD1M-SWAP,USD,LIBOR,USD-LIBOR-BBA,BBA,FALSE,FALSE,ACT/360,0,USNY,MODFOLLOWING,-2,GBLO,MODFOLLOWING,LIBOR,USD-LIBOR-BBA,SWAP,2,20,2,1Y,1M,ACT/360,ACT/360,simple,TRUE,USD_LIBOR_1M_EOD,USD_FEDFUND_EOD,1Y,1M
Sw,USD3M-SWAP,USD,LIBOR,USD-LIBOR-BBA,BBA,FALSE,FALSE,ACT/360,0,USNY,MODFOLLOWING,-2,GBLO,MODFOLLOWING,LIBOR,USD-LIBOR-BBA,SWAP,2,20,2,1Y,3M,ACT/360,ACT/360,simple,TRUE,USD_LIBOR_3M_EOD,USD_FEDFUND_EOD,1Y,3M
Sw,USD6M-SWAP,USD,LIBOR,USD-LIBOR-BBA,BBA,FALSE,FALSE,ACT/360,0,USNY,MODFOLLOWING,-2,GBLO,MODFOLLOWING,LIBOR,USD-LIBOR-BBA,SWAP,2,20,2,1Y,6M,ACT/360,ACT/360,simple,TRUE,USD_LIBOR_6M_EOD,USD_FEDFUND_EOD,1Y,6M
Sw,USDOIS-SWAP,USD,FEDFUND,USD-Federal Funds-H.15-OIS-COMPOUND,H.15-OIS-COMPOUND,TRUE,FALSE,ACT/360,0,USNY,MODFOLLOWING,0,USNY,PRECEDING,FEDFUND,USD-Federal Funds-H.15-OIS-COMPOUND,SWAP,2,20,2,1Y,6M,ACT/360,ACT/360,simple,TRUE,USD_FEDFUND_EOD,USD_FEDFUND_EOD,1Y,6M
Sw,USDSTD-SWAP,USD,LIBOR,USD-LIBOR-BBA,BBA,FALSE,FALSE,ACT/360,0,USNY,MODFOLLOWING,-2,USNY,MODFOLLOWING,LIBOR,USD-LIBOR-BBA,SWAP,2,20,2,1Y,2M,ACT/360,ACT/360,simple,TRUE,USD_LIBOR_EOD,USD_LIBOR_EOD,1Y,2M
Sw,USDSTIR-SWAP,USD,STIR-FUT,USD-STIR-FUT,BBA,FALSE,FALSE,ACT/360,0,USNY,MODFOLLOWING,-2,GBLO,MODFOLLOWING,LIBOR,USD-LIBOR-BBA,SWAP,2,20,2,1Y,3M,ACT/360,ACT/360,simple,TRUE,USD_STIR-FUT_EOD,USD_STIR-FUT_EOD,1Y,3M
#Sw,ZAR1M-SWAP,ZAR,JIBAR,ZAR-JIBAR-SAFEX,SAFEX,FALSE,FALSE,ACT/365.FIXED,0,ZAJO,MODFOLLOWING,0,ZAJO,PRECEDING,JIBAR,ZAR-JIBAR-SAFEX,SWAP,2,20,0,3M,1M,ACT/365,ACT/365,simple,TRUE,ZAR_JIBAR_1M_EOD,ZAR_JIBAR_EOD,3M,1M
#Sw,ZAR3M-SWAP,ZAR,JIBAR,ZAR-JIBAR-SAFEX,SAFEX,FALSE,FALSE,ACT/365.FIXED,0,ZAJO,MODFOLLOWING,0,ZAJO,PRECEDING,JIBAR,ZAR-JIBAR-SAFEX,SWAP,2,20,0,3M,3M,ACT/365,ACT/365,simple,TRUE,ZAR_JIBAR_3M_EOD,ZAR_JIBAR_EOD,3M,3M
#Sw,ZAR6M-SWAP,ZAR,JIBAR,ZAR-JIBAR-SAFEX,SAFEX,FALSE,FALSE,ACT/365.FIXED,0,ZAJO,MODFOLLOWING,0,ZAJO,PRECEDING,JIBAR,ZAR-JIBAR-SAFEX,SWAP,2,20,0,3M,6M,ACT/365,ACT/365,simple,TRUE,ZAR_JIBAR_6M_EOD,ZAR_JIBAR_EOD,3M,6M
Sw,ZARSTD-SWAP,ZAR,JIBAR,ZAR-JIBAR-SAFEX,SAFEX,FALSE,FALSE,ACT/365.FIXED,0,ZAJO,MODFOLLOWING,0,ZAJO,PRECEDING,JIBAR,ZAR-JIBAR-SAFEX,SWAP,2,20,0,3M,3M,ACT/365,ACT/365,simple,TRUE,ZAR_JIBAR_EOD,ZAR_JIBAR_EOD,3M,3M
